id,cal_age,cal_sigma,rad_res,rad_res_sd,mid1,mid2,wmn,med,mode,mid1_resage,mid2_resage,wmn_resage,med_resage,mode_resage
DrakePCoral,66,11,870,70,80.0,134.0,134.0,115.0,120.0,552.0,756.0,763.0,754.0,755.0
DrakePCoral,468,21,1380,60,334.0,476.0,548.0,372.0,368.0,759.0,948.0,874.0,1003.0,1006.0
MD07-3076,1042,46,1985,30,1016.0,1162.0,1173.0,1132.0,1118.0,668.0,840.0,739.0,845.0,859.0
MD07-3076,1042,46,2475,30,1016.0,1162.0,1173.0,1132.0,1118.0,1158.0,1330.0,1229.0,1335.0,1349.0
MD07-3076,1458,93,2362,35,1316.0,1528.0,1562.0,1586.0,1591.0,544.0,836.0,862.0,776.0,775.0
MD97-2121,1718,10,2331,40,1740.0,1804.0,1832.0,1823.0,1832.0,378.0,528.0,535.0,508.0,508.0
MD07-3088,1759,171,2510,30,1458.0,1792.0,2087.0,1870.0,1878.0,300.0,726.0,622.0,644.0,625.0
MD07-3076,1991,116,2945,37,1773.0,1957.0,1697.0,2047.0,2104.0,648.0,964.0,1119.0,896.0,855.0
MD07-3076,2986,162,3725,37,2537.0,2869.0,2924.0,2876.0,2899.0,547.0,862.0,806.0,853.0,823.0
MD07-3088,4098,182,4475,30,3373.0,3707.0,3615.0,3740.0,3697.0,388.0,762.0,817.0,731.0,767.0
MD07-3076,4329,162,4905,35,3584.0,3830.0,3699.0,3886.0,3887.0,694.0,1054.0,1242.0,1016.0,1028.0
DrakePCoral,4643,169,4850,75,3852.0,4166.0,4103.0,4128.0,4133.0,284.0,685.0,603.0,726.0,724.0
MD07-3076,5370,139,5687,37,4456.0,4732.0,4770.0,4668.0,4690.0,688.0,966.0,886.0,1024.0,1001.0
DrakePCoral,5883,53,5990,90,4972.0,5086.0,5056.0,5078.0,5055.0,560.0,834.0,807.0,887.0,903.0
MD07-3076,6319,93,6506,37,5324.0,5525.0,5538.0,5557.0,5582.0,742.0,987.0,939.0,960.0,923.0
DrakePCoral,6470,48,6430,95,5522.0,5652.0,5678.0,5691.0,5681.0,446.0,780.0,866.0,736.0,735.0
MD07-3076,6806,185,6732,36,5555.0,6041.0,6289.0,5985.0,6008.0,253.0,698.0,654.0,749.0,724.0
MD97-2121,7027,170,6884,30,5788.0,6290.0,6500.0,6154.0,6180.0,200.0,605.0,399.0,733.0,713.0
RR0503-83GC,8009,69,7540,25,7004.0,7204.0,7227.0,7205.0,7302.0,136.0,340.0,300.0,328.0,239.0
RR0503-83GC,8009,69,7750,30,7004.0,7204.0,7227.0,7205.0,7302.0,340.0,552.0,496.0,536.0,450.0
RR0503-83GC,8009,69,8200,30,7004.0,7204.0,7227.0,7205.0,7302.0,790.0,1002.0,946.0,986.0,900.0
RR0503-83GC,8009,69,8350,25,7004.0,7204.0,7227.0,7205.0,7302.0,946.0,1150.0,1110.0,1138.0,1049.0
MD07-3076,8079,162,8390,40,6782.0,7164.0,7304.0,7293.0,7301.0,728.0,1231.0,1163.0,1100.0,1088.0
MD07-3076,9074,116,9520,40,7886.0,8182.0,8139.0,8167.0,8175.0,1064.0,1327.0,1452.0,1357.0,1330.0
MD07-3076,9074,116,9510,50,7886.0,8182.0,8139.0,8167.0,8175.0,1036.0,1312.0,1442.0,1349.0,1319.0
MD07-3076,9074,116,9070,50,7886.0,8182.0,8139.0,8167.0,8175.0,596.0,872.0,1002.0,909.0,879.0
MD07-3076,9769,116,9560,40,8472.0,8714.0,8738.0,8780.0,8788.0,504.0,851.0,816.0,781.0,776.0
MD97-2121,9906,246,8812,36,8403.0,8850.0,9043.0,8841.0,8887.0,-510.0,-30.0,-106.0,-29.0,-60.0
MD07-3076,10347,69,9790,50,8996.0,9182.0,9356.0,9206.0,9207.0,374.0,646.0,572.0,583.0,581.0
MD07-3076,10347,69,10060,50,8996.0,9182.0,9356.0,9206.0,9207.0,644.0,916.0,842.0,853.0,851.0
MD07-3076,10694,69,10300,45,9327.0,9435.0,9442.0,9453.0,9431.0,652.0,864.0,860.0,840.0,854.0
MD07-3076,11134,69,10470,50,9612.0,9769.0,9668.0,9657.0,9656.0,527.0,710.0,671.0,806.0,819.0
MD07-3076,11134,69,10570,60,9612.0,9769.0,9668.0,9657.0,9656.0,605.0,815.0,751.0,905.0,919.0
MD07-3076,11134,69,10670,50,9612.0,9769.0,9668.0,9657.0,9656.0,727.0,910.0,871.0,1006.0,1019.0
MD97-2121,11195,51,10552,38,9658.0,9784.0,9787.0,9745.0,9665.0,598.0,776.0,746.0,805.0,867.0
MD07-3088,11252,347,10880,35,9144.0,9841.0,9908.0,9894.0,10029.0,340.0,1042.0,900.0,995.0,856.0
MD07-3076,11389,93,10600,50,9730.0,9872.0,9867.0,9987.0,10020.0,442.0,746.0,709.0,614.0,605.0
MD07-3076,11389,93,10730,50,9730.0,9872.0,9867.0,9987.0,10020.0,572.0,876.0,839.0,744.0,735.0
MD07-3076,11644,116,10790,50,9808.0,9971.0,9907.0,10063.0,10050.0,468.0,806.0,843.0,721.0,730.0
MD07-3076,11644,116,10820,50,9808.0,9971.0,9907.0,10063.0,10050.0,498.0,836.0,873.0,751.0,760.0
DrakePCoral,11777,135,10700,140,9871.0,10042.0,9996.0,10132.0,10095.0,106.0,596.0,784.0,556.0,561.0
TNO57-21,12201,200,10900,45,9984.0,10544.0,10680.0,10364.0,10365.0,-61.0,362.0,365.0,536.0,534.0
MD07-3076,12222,139,11400,50,10157.0,10516.0,10498.0,10370.0,10371.0,616.0,887.0,852.0,1028.0,1029.0
MD07-3076,12894,69,11835,50,10721.0,10948.0,11102.0,10997.0,11039.0,570.0,906.0,909.0,839.0,830.0
TNO57-21,12980,200,12200,75,10741.0,11202.0,11261.0,11047.0,11049.0,612.0,995.0,900.0,1146.0,1170.0
MD07-3076,13241,93,12760,60,11048.0,11304.0,11400.0,11365.0,11369.0,1081.0,1444.0,1576.0,1393.0,1393.0
DrakePCoral,13397,76,12750,180,11320.0,11536.0,11712.0,11525.0,11521.0,646.0,1218.0,1286.0,1220.0,1223.0
TNO57-21,13580,200,12700,55,11154.0,11462.0,11772.0,11749.0,11827.0,618.0,1242.0,1388.0,953.0,887.0
DrakePCoral,13707,68,13150,180,11657.0,11820.0,11739.0,11834.0,11831.0,748.0,1293.0,1324.0,1304.0,1308.0
MD07-3088,13812,233,12885,40,11284.0,11575.0,11818.0,11981.0,12027.0,634.0,1318.0,1298.0,919.0,855.0
RR0503-64JPC,13998,110,12720,45,11836.0,12034.0,12105.0,12065.0,12030.0,362.0,690.0,727.0,643.0,681.0
RR0503-79JPC,13998,110,12810,35,11836.0,12034.0,12105.0,12065.0,12030.0,466.0,780.0,747.0,736.0,773.0
MD07-3076,14097,93,13360,60,11938.0,12122.0,12158.0,12220.0,12258.0,934.0,1225.0,1318.0,1153.0,1108.0
TNO57-21,14180,200,12950,55,11700.0,12009.0,12378.0,12283.0,12307.0,392.0,966.0,881.0,671.0,631.0
MD97-2121,14324,254,12839,45,11662.0,12097.0,12546.0,12363.0,12400.0,120.0,757.0,703.0,483.0,440.0
MD07-3076,14491,69,13300,60,12248.0,12386.0,12374.0,12419.0,12414.0,672.0,910.0,960.0,877.0,879.0
MD07-3088,14491,464,13755,35,11407.0,12182.0,12854.0,12406.0,12405.0,624.0,1584.0,1398.0,1348.0,1334.0
MD07-3076,14653,69,13430,60,12287.0,12430.0,12437.0,12456.0,12470.0,775.0,1007.0,1009.0,977.0,972.0
TNO57-21,14770,200,13150,70,12126.0,12504.0,12515.0,12468.0,12473.0,199.0,635.0,726.0,677.0,691.0
MD07-3076,14792,69,13520,110,12296.0,12482.0,12516.0,12437.0,12479.0,728.0,1072.0,1027.0,1083.0,1084.0
MD07-3076,15139,162,13440,60,12499.0,12801.0,12864.0,12697.0,12731.0,376.0,664.0,543.0,741.0,749.0
MD07-3076,15139,162,13380,60,12499.0,12801.0,12864.0,12697.0,12731.0,316.0,604.0,483.0,681.0,689.0
MD07-3076,15139,162,13380,70,12499.0,12801.0,12864.0,12697.0,12731.0,300.0,612.0,445.0,681.0,689.0
MD07-3076,15139,162,13450,60,12499.0,12801.0,12864.0,12697.0,12731.0,386.0,674.0,553.0,751.0,759.0
MD07-3076,15139,162,13260,60,12499.0,12801.0,12864.0,12697.0,12731.0,196.0,484.0,363.0,561.0,569.0
TNO57-21,15892,200,14750,65,12830.0,13228.0,13422.0,13240.0,13244.0,1084.0,1541.0,1424.0,1509.0,1501.0
DrakePCoral,16402,310,14200,180,13036.0,13705.0,14310.0,13600.0,13624.0,-184.0,610.0,501.0,607.0,596.0
TNO57-21,16453,200,14850,60,13238.0,13652.0,13622.0,13628.0,13626.0,765.0,1188.0,1262.0,1220.0,1215.0
MD07-3076,16574,324,15360,70,13155.0,13812.0,13783.0,13711.0,13814.0,904.0,1546.0,1578.0,1649.0,1590.0
MD07-3076,16574,324,15360,60,13155.0,13812.0,13783.0,13711.0,13814.0,919.0,1546.0,1555.0,1649.0,1576.0
MD07-3076,16574,324,15560,80,13155.0,13812.0,13783.0,13711.0,13814.0,1088.0,1745.0,1758.0,1850.0,1803.0
TNO57-21,17014,200,15650,80,13654.0,14057.0,14338.0,13973.0,13855.0,1190.0,1630.0,1505.0,1663.0,1764.0
MD07-3076,17106,324,15650,180,13540.0,14257.0,14176.0,14100.0,14152.0,620.0,1412.0,1222.0,1573.0,1593.0
MD07-3076,17569,347,16510,210,13774.0,14663.0,14872.0,14446.0,14460.0,1010.0,1890.0,1712.0,2086.0,2065.0
TNO57-21,17575,200,16050,65,14042.0,14505.0,14522.0,14447.0,14459.0,1126.0,1550.0,1545.0,1607.0,1593.0
MD07-3076,17801,347,16698,50,14080.0,14792.0,14770.0,14535.0,14461.0,1272.0,1902.0,2026.0,2150.0,2229.0
MD97-2121,17845,380,15986,56,14036.0,14820.0,14705.0,14579.0,14461.0,464.0,1161.0,1205.0,1404.0,1514.0
RR0503-83GC,17906,147,15835,40,14296.0,14700.0,14625.0,14624.0,14670.0,800.0,1134.0,1135.0,1213.0,1171.0
RR0503-83GC,17906,147,15965,40,14296.0,14700.0,14625.0,14624.0,14670.0,930.0,1264.0,1265.0,1343.0,1301.0
RR0503-83GC,17906,147,15580,45,14296.0,14700.0,14625.0,14624.0,14670.0,538.0,879.0,860.0,959.0,919.0
RR0503-83GC,17906,147,15515,40,14296.0,14700.0,14625.0,14624.0,14670.0,480.0,814.0,815.0,893.0,851.0
RR0503-64JPC,17906,147,15020,60,14296.0,14700.0,14625.0,14624.0,14670.0,-43.0,319.0,344.0,402.0,368.0
RR0503-64JPC,17906,147,15245,40,14296.0,14700.0,14625.0,14624.0,14670.0,210.0,544.0,545.0,623.0,581.0
MD07-3076,18009,324,17030,200,14250.0,14966.0,15211.0,14689.0,14695.0,1239.0,2077.0,1977.0,2316.0,2400.0
MD07-3076,18380,278,17400,120,14612.0,15204.0,15305.0,15146.0,15221.0,1570.0,2212.0,2213.0,2275.0,2213.0
TNO57-21,18697,200,16900,80,14992.0,15420.0,15411.0,15358.0,15210.0,954.0,1480.0,1476.0,1544.0,1692.0
MD07-3076,19028,231,18220,100,15151.0,15628.0,15553.0,15782.0,15780.0,1952.0,2590.0,2608.0,2438.0,2396.0
TNO57-21,19259,200,17400,70,15424.0,15810.0,16017.0,15969.0,15983.0,962.0,1600.0,1585.0,1435.0,1422.0
MD07-3076,19398,255,18070,130,15420.0,15983.0,15995.0,16042.0,15992.0,1300.0,2112.0,2011.0,1999.0,2053.0
TNO57-21,19820,200,18000,85,15840.0,16326.0,16096.0,16410.0,16367.0,1024.0,1652.0,1818.0,1574.0,1601.0
MD07-3076,20509,440,19060,130,16004.0,16938.0,16642.0,17018.0,17128.0,990.0,2118.0,1981.0,2062.0,1967.0
TNO57-21,22064,200,19300,90,17796.0,18327.0,18291.0,18115.0,18193.0,518.0,956.0,1079.0,1186.0,1175.0
MD07-3076,22870,532,20580,130,17944.0,19220.0,20640.0,18886.0,18786.0,322.0,1422.0,1021.0,1629.0,1800.0
MD07-3076,24722,463,21730,100,19488.0,20686.0,21103.0,20550.0,20580.0,-116.0,1053.0,1045.0,1184.0,1187.0
MD97-2121,25358,162,22322,85,20647.0,21285.0,21484.0,21075.0,21106.0,620.0,1057.0,962.0,1259.0,1228.0
RR0503-79JPC,25650,40,22140,60,21061.0,21350.0,21612.0,21221.0,21220.0,600.0,844.0,639.0,916.0,920.0
BP_S794,25650,40,22020,80,21061.0,21350.0,21612.0,21221.0,21220.0,458.0,747.0,591.0,796.0,799.0
HT_S938,25650,40,21640,80,21061.0,21350.0,21612.0,21221.0,21220.0,78.0,367.0,211.0,416.0,419.0
S931,25650,40,22200,80,21061.0,21350.0,21612.0,21221.0,21220.0,638.0,927.0,771.0,976.0,979.0
RR0503-36JPC,25650,40,21770,70,21061.0,21350.0,21612.0,21221.0,21220.0,220.0,486.0,306.0,546.0,549.0
MD07-3076,26227,486,22440,160,20890.0,22137.0,23007.0,22013.0,21981.0,-821.0,368.0,153.0,399.0,428.0
MD07-3076,27384,486,23390,110,22125.0,23262.0,23605.0,23224.0,23278.0,-1039.0,139.0,98.0,189.0,112.0
MD07-3076,28472,394,24520,200,23284.0,24195.0,24360.0,24213.0,24140.0,-980.0,294.0,441.0,266.0,349.0
MD07-3076,29931,347,25970,130,24918.0,26002.0,25750.0,25554.0,25307.0,-948.0,-45.0,-186.0,388.0,629.0
MD07-3076,30810,486,26550,250,25682.0,26568.0,26788.0,26476.0,26319.0,-1389.0,10.0,53.0,2.0,183.0
MD07-3076,32106,625,28540,89,26350.0,27881.0,28792.0,28248.0,28402.0,-952.0,680.0,446.0,303.0,149.0
MD07-3076,32639,625,28827,91,26800.0,28509.0,29959.0,28453.0,28426.0,-1344.0,354.0,-331.0,367.0,400.0
MD04-2829CQ,1300,200,1790,150,900.0,1292.0,1865.0,1414.0,1591.0,-248.0,522.0,546.0,390.0,436.0
DAPC2,3672,200,3740,55,3034.0,3396.0,3588.0,3426.0,3381.0,-84.0,380.0,153.0,311.0,301.0
94-609,5516,151,5420,80,4544.0,4886.0,5098.0,4763.0,4764.0,182.0,580.0,488.0,645.0,688.0
DAPC2,9238,200,8590,90,7933.0,8272.0,8477.0,8251.0,8232.0,-206.0,328.0,351.0,331.0,337.0
RAPiD-15-4P,10297,100,9739,38,8966.0,9187.0,9224.0,9184.0,9200.0,384.0,564.0,490.0,561.0,537.0
RAPiD-17-5P,10297,100,9728,39,8966.0,9187.0,9224.0,9184.0,9200.0,372.0,554.0,484.0,550.0,526.0
RAPID-12-1K,10447,101,9752,35,9051.0,9231.0,9242.0,9251.0,9226.0,246.0,520.0,482.0,495.0,516.0
RAPiD-10-1P,10510,250,9587,38,8820.0,9210.0,9186.0,9306.0,9217.0,-96.0,374.0,379.0,277.0,359.0
RAPiD-15-4P,10714,150,10198,40,9158.0,9429.0,9417.0,9476.0,9586.0,428.0,762.0,752.0,717.0,630.0
RAPiD-17-5P,10727,150,9862,39,9160.0,9431.0,9378.0,9490.0,9586.0,87.0,422.0,439.0,370.0,291.0
MD04-2829CQ,10900,200,9794,150,9249.0,9544.0,9480.0,9577.0,9589.0,-352.0,278.0,333.0,222.0,223.0
RAPID-12-1K,11235,200,10356,35,9409.0,9640.0,9604.0,9840.0,10022.0,280.0,706.0,824.0,513.0,372.0
RAPiD-15-4P,11410,150,10358,42,9652.0,9862.0,9714.0,9998.0,10024.0,200.0,484.0,540.0,366.0,344.0
RAPiD-17-5P,11501,150,10516,39,9706.0,9906.0,9882.0,10025.0,10031.0,264.0,593.0,693.0,491.0,486.0
RAPiD-10-1P,11550,200,10568,40,9663.0,10004.0,10091.0,10037.0,10034.0,182.0,575.0,430.0,528.0,530.0
MD04-2829CQ,11620,200,10965,150,9702.0,10066.0,10058.0,10057.0,10035.0,337.0,932.0,622.0,894.0,898.0
RAPID-12-1K,11630,200,10577,36,9708.0,10070.0,10054.0,10060.0,10035.0,77.0,503.0,511.0,511.0,530.0
RAPiD-15-4P,11653,150,10796,39,9815.0,10021.0,10026.0,10068.0,10041.0,449.0,788.0,686.0,722.0,740.0
RAPiD-17-5P,11683,101,10783,39,9870.0,10022.0,9980.0,10079.0,10073.0,480.0,752.0,827.0,700.0,709.0
MD95-2007,11775,68,10664,65,10037.0,10158.0,10127.0,10130.0,10125.0,292.0,513.0,499.0,529.0,533.0
DAPC2,11833,200,10830,90,9836.0,10226.0,10053.0,10182.0,10211.0,129.0,599.0,468.0,648.0,669.0
RAPiD-15-4P,11934,101,10965,40,10098.0,10242.0,10239.0,10245.0,10210.0,540.0,733.0,666.0,714.0,722.0
RAPiD-10-1P,12120,52,11566,40,10231.0,10309.0,10290.0,10353.0,10356.0,1068.0,1238.0,1294.0,1211.0,1212.0
RAPiD-15-4P,12208,151,11808,41,10140.0,10568.0,10637.0,10367.0,10367.0,992.0,1250.0,1086.0,1439.0,1439.0
RAPiD-17-5P,12317,300,11897,42,10080.0,10778.0,10794.0,10383.0,10369.0,610.0,1121.0,1084.0,1504.0,1527.0
MD95-2002,12318,223,11190,100,10044.0,10705.0,10962.0,10382.0,10370.0,-16.0,506.0,442.0,790.0,807.0
NA87-22,12327,586,11320,90,9674.0,10610.0,11421.0,10391.0,10367.0,-420.0,740.0,621.0,900.0,952.0
RAPiD-10-1P,12340,101,12256,40,10259.0,10570.0,10516.0,10382.0,10373.0,1492.0,1688.0,1655.0,1868.0,1875.0
MD03-2697,12377,531,11920,60,9758.0,10624.0,11048.0,10404.0,10370.0,296.0,1307.0,1309.0,1491.0,1551.0
RAPiD-15-4P,12382,200,11650,50,10168.0,10750.0,10834.0,10395.0,10372.0,526.0,896.0,983.0,1239.0,1271.0
MD01-2461,12396,117,11032,39,10276.0,10634.0,10783.0,10391.0,10371.0,210.0,416.0,245.0,631.0,652.0
MD95-2007,12430,106,11353,62,10304.0,10600.0,10505.0,10399.0,10374.0,518.0,726.0,737.0,935.0,962.0
RAPiD-10-1P,12470,101,12379,42,10352.0,10642.0,10675.0,10435.0,10372.0,1572.0,1730.0,1751.0,1938.0,1995.0
MD95-2007,12482,104,11299,66,10356.0,10703.0,10808.0,10456.0,10372.0,430.0,644.0,466.0,844.0,874.0
MD95-2007,12552,104,11500,90,10432.0,10774.0,10874.0,10510.0,10482.0,522.0,816.0,572.0,987.0,990.0
RAPiD-15-4P,12556,200,11750,50,10428.0,10924.0,11003.0,10518.0,10375.0,538.0,832.0,707.0,1229.0,1355.0
MD01-2461,12590,200,11032,39,10454.0,10942.0,10997.0,10548.0,10375.0,-175.0,98.0,31.0,482.0,647.0
MD95-2007,12596,98,11296,77,10534.0,10816.0,11005.0,10545.0,10480.0,308.0,580.0,341.0,747.0,759.0
RAPiD-10-1P,12600,101,12583,41,10546.0,10830.0,11064.0,10550.0,10483.0,1624.0,1796.0,1580.0,2032.0,2049.0
RAPiD-15-4P,12730,151,11900,45,10574.0,11030.0,11189.0,10760.0,10909.0,662.0,886.0,703.0,1138.0,963.0
94-609,12736,465,12380,120,10228.0,10938.0,11746.0,10877.0,10372.0,563.0,1472.0,1473.0,1563.0,1957.0
RAPiD-10-1P,12750,200,12512,39,10516.0,11050.0,11125.0,10854.0,11045.0,1184.0,1464.0,1478.0,1669.0,1497.0
DAPC2,12761,200,11380,110,10540.0,11052.0,11094.0,10883.0,11045.0,-74.0,338.0,257.0,550.0,405.0
RAPiD-15-4P,12799,101,12000,50,10636.0,10932.0,11083.0,10912.0,10912.0,835.0,1104.0,982.0,1091.0,1057.0
RAPiD-15-4P,12833,101,11811,42,10644.0,10943.0,11152.0,10941.0,10912.0,626.0,892.0,768.0,867.0,849.0
MD95-2007,12973,71,11471,62,10764.0,11021.0,11158.0,11044.0,11051.0,98.0,461.0,469.0,427.0,429.0
RAPiD-15-4P,13090,201,11816,39,10839.0,11320.0,11872.0,11164.0,11051.0,110.0,519.0,273.0,654.0,768.0
RAPiD-10-1P,13110,201,12650,50,10850.0,11335.0,11929.0,11216.0,11051.0,906.0,1342.0,1041.0,1446.0,1602.0
MD01-2461,13142,336,12551,46,10708.0,11208.0,11582.0,11266.0,11053.0,816.0,1354.0,1264.0,1279.0,1508.0
MD04-2829CQ,13200,200,11574,150,10963.0,11397.0,11987.0,11338.0,11051.0,-398.0,296.0,186.0,257.0,219.0
MD01-2461,13304,200,12551,46,11024.0,11416.0,11984.0,11431.0,11517.0,695.0,1172.0,922.0,1113.0,1036.0
NA87-22,13423,349,11690,120,10975.0,11484.0,11959.0,11557.0,11830.0,-488.0,242.0,92.0,113.0,156.0
RAPiD-10-1P,13430,250,12800,60,11085.0,11417.0,11703.0,11557.0,11520.0,850.0,1389.0,1371.0,1229.0,1273.0
MD95-2007,13536,140,12353,74,11240.0,11582.0,11921.0,11695.0,11827.0,278.0,784.0,907.0,660.0,596.0
RAPiD-17-5P,13550,300,12754,43,11090.0,11534.0,12009.0,11721.0,11829.0,654.0,1236.0,1019.0,1031.0,932.0
RAPiD-15-4P,13566,201,12100,45,11150.0,11459.0,11751.0,11732.0,11827.0,46.0,650.0,711.0,366.0,282.0
RAPiD-15-4P,13614,101,11793,49,11434.0,11679.0,11740.0,11789.0,11828.0,-252.0,116.0,137.0,13.0,-21.0
MD95-2007,13740,138,12630,100,11508.0,11793.0,12058.0,11857.0,11829.0,331.0,859.0,908.0,747.0,770.0
RAPiD-10-1P,13750,251,12900,60,11265.0,11589.0,12207.0,11871.0,12027.0,648.0,1348.0,1168.0,1007.0,874.0
NA87-22,13777,328,12920,120,11223.0,11676.0,12176.0,11922.0,12024.0,454.0,1286.0,1047.0,996.0,963.0
RAPiD-15-4P,13783,101,12155,40,11645.0,11908.0,12097.0,11909.0,12021.0,-52.0,263.0,191.0,234.0,316.0
94-609,13797,324,12750,220,11248.0,11696.0,12249.0,11969.0,12027.0,82.0,1150.0,1071.0,812.0,792.0
RAPiD-15-4P,13940,101,12560,39,11808.0,12022.0,12131.0,12038.0,12030.0,247.0,546.0,530.0,518.0,526.0
RAPiD-15-4P,13970,53,12636,43,11908.0,12086.0,12295.0,12036.0,12030.0,372.0,576.0,592.0,595.0,603.0
MD95-2007,14126,121,12790,120,11896.0,12060.0,12066.0,12247.0,12294.0,201.0,659.0,822.0,565.0,540.0
NA87-22,14134,261,12380,120,11428.0,11818.0,12315.0,12256.0,12401.0,-311.0,558.0,769.0,153.0,69.0
RAPiD-10-1P,14230,201,12700,55,11711.0,12024.0,12292.0,12309.0,12398.0,110.0,690.0,714.0,390.0,354.0
RAPiD-15-4P,14263,101,12487,43,12052.0,12202.0,12296.0,12324.0,12310.0,-20.0,290.0,319.0,157.0,161.0
RAPiD-17-5P,14286,251,12850,55,11656.0,12074.0,12501.0,12340.0,12400.0,152.0,797.0,705.0,512.0,465.0
MD03-2697,14423,441,12520,60,11381.0,12118.0,12878.0,12391.0,12404.0,-544.0,422.0,240.0,136.0,104.0
94-609,14428,161,13650,90,11994.0,12282.0,12406.0,12400.0,12404.0,898.0,1376.0,1370.0,1254.0,1249.0
94-609,14428,161,12740,140,11994.0,12282.0,12406.0,12400.0,12404.0,-90.0,466.0,515.0,346.0,343.0
MD04-2829CQ,14540,200,12686,150,11958.0,12336.0,12563.0,12420.0,12412.0,-282.0,348.0,483.0,266.0,265.0
RAPiD-10-1P,14550,102,12914,44,12172.0,12354.0,12370.0,12435.0,12436.0,272.0,562.0,583.0,477.0,478.0
MD99-2331,14726,117,13640,80,12250.0,12524.0,12500.0,12450.0,12468.0,840.0,1115.0,1004.0,1192.0,1191.0
RAPiD-17-5P,14789,251,13450,60,12022.0,12463.0,12670.0,12476.0,12470.0,415.0,990.0,1079.0,967.0,993.0
MD04-2845,14815,134,13890,100,12276.0,12555.0,12537.0,12475.0,12488.0,993.0,1322.0,1239.0,1414.0,1418.0
RAPiD-15-4P,14822,251,14281,44,12069.0,12512.0,12472.0,12486.0,12474.0,1246.0,1770.0,1761.0,1789.0,1819.0
MD95-2002,14838,146,13730,130,12257.0,12554.0,12547.0,12485.0,12491.0,746.0,1156.0,1095.0,1240.0,1246.0
RAPiD-17-5P,14928,251,13528,45,12160.0,12601.0,12786.0,12534.0,12486.0,436.0,932.0,940.0,985.0,1046.0
MD99-2331,14955,186,13810,80,12316.0,12666.0,12736.0,12552.0,12501.0,788.0,1156.0,1171.0,1249.0,1274.0
NA87-22,14990,354,14580,130,11949.0,12591.0,13270.0,12587.0,12481.0,1156.0,2040.0,1882.0,1976.0,2058.0
MD95-2002,15037,188,14200,110,12364.0,12694.0,12691.0,12618.0,12626.0,1079.0,1486.0,1540.0,1578.0,1592.0
MD01-2461,15071,212,14530,58,12373.0,12756.0,12854.0,12643.0,12628.0,1433.0,1788.0,1700.0,1883.0,1899.0
MD95-2002,15091,202,14420,120,12382.0,12744.0,12802.0,12658.0,12631.0,1229.0,1672.0,1720.0,1756.0,1767.0
RAPiD-10-1P,15097,202,13479,47,12384.0,12748.0,12839.0,12663.0,12631.0,402.0,736.0,725.0,813.0,828.0
MD01-2461,15182,200,11950,43,12421.0,12800.0,12735.0,12732.0,12739.0,-1183.0,-854.0,-819.0,-784.0,-775.0
RAPiD-15-4P,15253,301,14657,48,12310.0,12824.0,13145.0,12794.0,12905.0,1318.0,1843.0,1780.0,1861.0,1762.0
MD04-2845,15306,248,14240,110,12476.0,12906.0,12935.0,12840.0,12901.0,852.0,1338.0,1355.0,1411.0,1385.0
MD95-2002,15369,281,14570,130,12458.0,12936.0,13318.0,12882.0,12905.0,1073.0,1648.0,1757.0,1698.0,1684.0
DAPC2,15379,200,13410,130,12604.0,12978.0,13106.0,12886.0,12906.0,-4.0,510.0,379.0,532.0,524.0
94-609,15393,384,14990,230,12196.0,12849.0,12885.0,12897.0,12907.0,1098.0,2066.0,2209.0,2099.0,2099.0
MD04-2829CQ,15400,200,14468,150,12614.0,12988.0,13123.0,12896.0,12907.0,1000.0,1566.0,1437.0,1576.0,1573.0
MD04-2845,15533,316,14450,110,12530.0,13136.0,13800.0,12971.0,12915.0,768.0,1365.0,1254.0,1466.0,1491.0
RAPiD-17-5P,15555,301,14100,55,12562.0,13131.0,13752.0,12987.0,12915.0,510.0,996.0,792.0,1107.0,1165.0
NA87-22,15598,444,15660,120,12260.0,13092.0,14348.0,13028.0,12916.0,1704.0,2651.0,2334.0,2624.0,2671.0
MD95-2002,15603,350,14830,70,12497.0,13105.0,13314.0,13027.0,12918.0,1120.0,1722.0,1841.0,1799.0,1878.0
MD95-2002,15778,391,14810,200,12538.0,13167.0,13355.0,13169.0,13237.0,722.0,1590.0,1832.0,1647.0,1644.0
RAPiD-10-1P,15850,500,14950,49,12339.0,13288.0,14006.0,13225.0,13241.0,760.0,1676.0,1424.0,1725.0,1697.0
MD99-2331,15905,565,14130,120,12134.0,13262.0,14140.0,13263.0,13386.0,-373.0,878.0,980.0,866.0,833.0
DAPC2,16005,200,14400,110,12915.0,13313.0,13236.0,13316.0,13378.0,566.0,1082.0,992.0,1084.0,1082.0
RAPiD-17-5P,16039,301,15087,50,12911.0,13456.0,13935.0,13343.0,13387.0,1186.0,1662.0,1275.0,1744.0,1721.0
MD99-2331,16040,601,13920,90,12172.0,13421.0,14708.0,13359.0,13389.0,-751.0,522.0,421.0,561.0,572.0
MD01-2461,16111,526,15118,64,12461.0,13536.0,14155.0,13397.0,13391.0,605.0,1598.0,1463.0,1717.0,1741.0
DAPC2,16148,200,14900,110,13032.0,13446.0,13793.0,13407.0,13396.0,964.0,1478.0,1488.0,1487.0,1495.0
94-609,16149,577,16360,240,12350.0,13537.0,14817.0,13423.0,13393.0,1469.0,2828.0,3058.0,2928.0,2912.0
RAPiD-17-5P,16317,301,15300,65,13010.0,13530.0,13566.0,13537.0,13619.0,1198.0,1778.0,1748.0,1763.0,1705.0
DAPC2,16410,200,15330,100,13218.0,13636.0,13722.0,13603.0,13621.0,1204.0,1693.0,1635.0,1731.0,1721.0
MD99-2331,16437,702,13930,80,12369.0,13773.0,15093.0,13642.0,13827.0,-1202.0,188.0,-96.0,287.0,149.0
NA87-22,16535,661,15800,140,12447.0,13767.0,15194.0,13704.0,13826.0,622.0,2048.0,2282.0,2102.0,2066.0
MD01-2461,16547,200,14530,58,13296.0,13704.0,13744.0,13688.0,13644.0,398.0,824.0,887.0,839.0,837.0
DAPC2,16563,200,15390,130,13303.0,13709.0,13817.0,13699.0,13788.0,1110.0,1660.0,1709.0,1691.0,1684.0
RAPiD-17-5P,16728,351,15750,60,13212.0,13931.0,14062.0,13802.0,13824.0,1165.0,1829.0,1696.0,1950.0,1937.0
MD99-2331,16872,703,15130,90,12626.0,14108.0,15402.0,13883.0,13830.0,-368.0,1035.0,1288.0,1222.0,1322.0
94-609,16899,796,16760,150,12656.0,14138.0,15644.0,13910.0,14457.0,1039.0,2662.0,2585.0,2810.0,2964.0
MD01-2461,16970,787,15518,63,12693.0,14142.0,15643.0,13985.0,14457.0,-102.0,1398.0,1230.0,1524.0,1695.0
DAPC2,16996,200,15400,170,13636.0,14018.0,14227.0,13951.0,13855.0,788.0,1390.0,1449.0,1421.0,1443.0
DAPC2,17155,200,15560,140,13788.0,14268.0,14428.0,14128.0,14152.0,808.0,1347.0,1069.0,1446.0,1437.0
NA87-22,17163,832,16700,140,12766.0,14305.0,16075.0,14160.0,14457.0,770.0,2443.0,2209.0,2532.0,2245.0
MD99-2331,17264,582,15060,90,13412.0,14562.0,15025.0,14198.0,14459.0,-464.0,494.0,601.0,838.0,604.0
MD95-2002,17473,230,15300,70,13921.0,14476.0,14629.0,14409.0,14454.0,362.0,840.0,706.0,910.0,853.0
MD95-2002,17519,234,15280,160,13951.0,14536.0,14705.0,14429.0,14456.0,150.0,790.0,658.0,881.0,853.0
MD01-2461,17520,200,15118,64,13998.0,14462.0,14498.0,14430.0,14455.0,231.0,650.0,749.0,699.0,667.0
GIK23415-9,17651,1013,15810,100,13000.0,14866.0,16356.0,14502.0,14460.0,-870.0,954.0,1182.0,1283.0,1326.0
MD99-2331,17704,336,15540,90,14001.0,14764.0,14882.0,14486.0,14462.0,110.0,778.0,714.0,1037.0,1061.0
MD01-2461,17706,990,15174,60,13063.0,14919.0,16529.0,14530.0,14459.0,-1474.0,269.0,312.0,626.0,710.0
MD04-2829CQ,17820,200,16559,150,14184.0,14750.0,14663.0,14544.0,14466.0,1250.0,1856.0,1683.0,1997.0,2009.0
RAPiD-17-5P,17932,401,16207,53,14040.0,14878.0,14811.0,14651.0,14462.0,593.0,1326.0,1443.0,1561.0,1734.0
DAPC2,18038,200,16430,130,14458.0,14904.0,14921.0,14700.0,14700.0,986.0,1538.0,1484.0,1719.0,1751.0
RAPiD-17-5P,18050,401,16350,65,14164.0,14994.0,15203.0,14712.0,14697.0,610.0,1363.0,1321.0,1629.0,1665.0
MD99-2331,18177,362,16170,130,14330.0,15076.0,15155.0,14821.0,14703.0,330.0,1100.0,1060.0,1296.0,1499.0
NA87-22,18412,1073,17590,140,13506.0,15501.0,17681.0,15219.0,14459.0,136.0,2126.0,1930.0,2355.0,3032.0
MD04-2829CQ,18485,200,16603,150,14730.0,15258.0,15051.0,15191.0,15217.0,726.0,1344.0,1084.0,1412.0,1409.0
MD01-2461,18772,1143,17130,77,13670.0,15756.0,17595.0,15675.0,15986.0,-616.0,1382.0,1629.0,1466.0,1153.0
94-609,18892,1357,17360,120,13524.0,16180.0,20043.0,15829.0,15982.0,-1116.0,1244.0,895.0,1532.0,1405.0
MD04-2829CQ,19381,200,17197,150,15502.0,15934.0,15806.0,16029.0,15994.0,511.0,1256.0,1155.0,1142.0,1173.0
MD01-2461,19427,200,15518,63,15555.0,15996.0,15629.0,16063.0,15998.0,-1097.0,-500.0,-352.0,-558.0,-497.0
DAPC2,19533,200,17310,130,15660.0,16090.0,16071.0,16192.0,16362.0,522.0,1234.0,1190.0,1113.0,1085.0
NA87-22,19644,1071,18110,180,14518.0,16746.0,19453.0,16382.0,16364.0,-518.0,1409.0,1321.0,1728.0,1618.0
SU92-03,19889,755,16780,120,15156.0,16680.0,17699.0,16526.0,16366.0,-1328.0,126.0,6.0,259.0,291.0
MD01-2461,20012,1062,18233,87,14824.0,17074.0,20308.0,16648.0,16365.0,-578.0,1212.0,364.0,1581.0,1608.0
DAPC2,20177,200,17870,130,16306.0,16712.0,16864.0,16686.0,16687.0,552.0,1130.0,1169.0,1179.0,1188.0
GIK23415-9,20184,1061,17880,120,14984.0,17346.0,20128.0,16776.0,17131.0,-1217.0,599.0,-126.0,1093.0,1261.0
MD01-2461,20254,200,15174,60,16380.0,16824.0,17142.0,16743.0,16710.0,-2098.0,-1628.0,-1771.0,-1573.0,-1555.0
MD04-2829CQ,20298,200,17921,150,16411.0,16858.0,17089.0,16778.0,16735.0,478.0,1099.0,1124.0,1133.0,1155.0
MD04-2845,20308,745,17290,150,15448.0,16924.0,17235.0,16829.0,17128.0,-1194.0,369.0,500.0,443.0,629.0
94-609,20626,1649,19340,220,14485.0,17995.0,19470.0,17337.0,17561.0,-1651.0,1364.0,1544.0,2018.0,1656.0
MD01-2461,20709,918,18665,89,15490.0,17456.0,19130.0,17192.0,17560.0,-522.0,1230.0,1107.0,1447.0,1114.0
NA87-22,20850,818,19310,270,15724.0,17350.0,17996.0,17354.0,17558.0,94.0,1974.0,1993.0,1984.0,1778.0
MD04-2829CQ,20921,200,18619,150,16884.0,17252.0,17314.0,17368.0,17531.0,726.0,1362.0,1512.0,1264.0,1223.0
MD01-2461,20939,200,17130,77,16891.0,17262.0,17302.0,17393.0,17536.0,-647.0,-125.0,-159.0,-254.0,-366.0
RAPiD-17-5P,21373,701,18321,63,16341.0,17655.0,17417.0,17704.0,17808.0,-784.0,660.0,869.0,625.0,503.0
MD01-2461,21536,724,19128,94,16389.0,17885.0,18877.0,17798.0,17813.0,-268.0,1271.0,858.0,1339.0,1307.0
NA87-22,21757,598,20160,230,16724.0,17970.0,18093.0,17878.0,17810.0,636.0,2176.0,2187.0,2239.0,2326.0
MD01-2461,21784,200,18233,87,17552.0,18145.0,18697.0,17873.0,17823.0,-334.0,154.0,-206.0,348.0,376.0
94-609,21880,1639,20370,330,15442.0,19216.0,25471.0,18210.0,17813.0,-2112.0,1274.0,1459.0,2118.0,2573.0
GIK23415-9,21919,711,19840,160,16790.0,18285.0,19523.0,18010.0,17815.0,-70.0,1585.0,1511.0,1800.0,1994.0
94-609,22126,1619,20950,260,15528.0,19290.0,23433.0,18503.0,17812.0,-1630.0,1678.0,2462.0,2464.0,3139.0
MD95-2002,22295,402,18850,90,17696.0,18534.0,18704.0,18349.0,18772.0,-501.0,320.0,331.0,484.0,102.0
94-609,22373,1591,21510,220,15936.0,19622.0,23213.0,18754.0,18782.0,-1174.0,1924.0,2322.0,2780.0,3686.0
DAPC2,22424,200,19730,140,18113.0,18619.0,18758.0,18542.0,18744.0,554.0,1134.0,998.0,1196.0,1066.0
MD95-2002,22505,361,19430,100,17971.0,18695.0,19017.0,18678.0,18779.0,-18.0,738.0,886.0,782.0,672.0
MD99-2331,22625,376,19770,170,18034.0,18746.0,18725.0,18751.0,18781.0,94.0,986.0,1236.0,1040.0,1013.0
MD95-2002,22823,322,20148,70,18293.0,18956.0,18795.0,18831.0,18786.0,532.0,1181.0,1378.0,1296.0,1363.0
MD99-2331,22953,348,22290,170,18331.0,19010.0,18929.0,19034.0,18789.0,2362.0,3240.0,3338.0,3249.0,3468.0
MD01-2461,22957,496,20193,118,18088.0,19204.0,20523.0,19081.0,18788.0,20.0,1054.0,500.0,1126.0,1407.0
DAPC2,22974,200,20280,150,18556.0,19038.0,19438.0,19064.0,18801.0,568.0,1266.0,1315.0,1227.0,1410.0
MD04-2829CQ,22987,200,20385,150,18566.0,19063.0,19541.0,19096.0,18802.0,664.0,1360.0,1392.0,1311.0,1162.0
MD99-2331,23035,344,20860,250,18430.0,19118.0,19120.0,19195.0,18790.0,708.0,1762.0,1742.0,1726.0,1617.0
MD95-2002,23039,305,20620,80,18482.0,19104.0,19297.0,19197.0,18796.0,806.0,1523.0,1553.0,1440.0,1301.0
MD01-2461,23109,200,18665,89,18653.0,19190.0,19523.0,19259.0,19309.0,-1084.0,-498.0,-645.0,-583.0,-638.0
94-609,23112,1464,21770,220,16806.0,20286.0,23653.0,19395.0,18784.0,-1284.0,1560.0,1019.0,2387.0,2353.0
MD99-2331,23119,340,20550,240,18490.0,19198.0,19467.0,19273.0,19350.0,360.0,1403.0,1409.0,1329.0,1231.0
MD99-2331,23237,331,20460,140,18583.0,19284.0,19858.0,19349.0,19365.0,380.0,1226.0,1034.0,1122.0,1069.0
DAPC2,23320,200,20450,170,18818.0,19362.0,19640.0,19397.0,19371.0,334.0,1094.0,1123.0,1050.0,1041.0
MD04-2829CQ,23400,200,20665,150,18868.0,19410.0,19623.0,19443.0,19398.0,510.0,1242.0,1373.0,1221.0,1220.0
MD99-2331,23460,303,21620,160,18812.0,19440.0,19988.0,19463.0,19412.0,1319.0,2244.0,2073.0,2149.0,2171.0
MD04-2845,23468,258,20820,140,18877.0,19341.0,19325.0,19468.0,19507.0,606.0,1440.0,1708.0,1347.0,1363.0
MD95-2002,23493,290,20240,60,18852.0,19432.0,19831.0,19478.0,19424.0,48.0,826.0,584.0,759.0,779.0
MD99-2331,23514,296,21740,160,18854.0,19478.0,19925.0,19487.0,19504.0,1390.0,2319.0,2169.0,2238.0,2278.0
MD99-2331,23636,281,22690,180,18954.0,19568.0,19868.0,19543.0,19505.0,2236.0,3155.0,3081.0,3102.0,3195.0
MD99-2331,23758,271,22150,170,19115.0,19693.0,19979.0,19669.0,20007.0,1636.0,2486.0,2426.0,2436.0,2626.0
NA87-22,23795,587,20770,210,18607.0,19984.0,21167.0,19851.0,20020.0,-555.0,853.0,653.0,962.0,1283.0
MD04-2845,23822,257,21110,140,19204.0,19748.0,19962.0,19844.0,20011.0,626.0,1376.0,1357.0,1301.0,1123.0
94-609,23841,1304,22780,340,17604.0,20658.0,24051.0,20026.0,20023.0,-628.0,2186.0,2084.0,2791.0,2440.0
DAPC2,23930,200,21410,200,19396.0,19760.0,19712.0,19975.0,20018.0,845.0,1582.0,1883.0,1476.0,1419.0
MD99-2331,24016,287,22440,170,19290.0,19849.0,19993.0,20025.0,20025.0,1727.0,2558.0,2793.0,2418.0,2381.0
MD01-2461,24082,200,19128,94,19489.0,19936.0,19977.0,20058.0,20031.0,-1406.0,-806.0,-770.0,-944.0,-916.0
MD95-2002,24085,345,20430,80,19208.0,20108.0,20769.0,20065.0,20026.0,-490.0,344.0,207.0,350.0,394.0
MD99-2331,24119,295,22430,180,19340.0,20028.0,20410.0,20085.0,20033.0,1577.0,2436.0,2308.0,2318.0,2304.0
MD01-2461,24175,411,20931,129,19140.0,20276.0,21319.0,20150.0,20030.0,-324.0,712.0,406.0,765.0,616.0
MD95-2002,24318,351,20600,80,19376.0,20366.0,21521.0,20302.0,20358.0,-564.0,285.0,-331.0,311.0,238.0
MD99-2331,24417,273,23080,190,19596.0,20422.0,20910.0,20353.0,20362.0,1808.0,2725.0,2530.0,2737.0,2715.0
NA87-22,24837,742,21420,230,19342.0,21083.0,22210.0,20625.0,20583.0,-1352.0,372.0,97.0,759.0,861.0
GIK23415-9,24894,755,21310,200,19354.0,21102.0,21589.0,20664.0,20583.0,-1510.0,198.0,260.0,609.0,748.0
MD99-2331,24966,346,24140,210,19895.0,20853.0,21041.0,20683.0,20592.0,2204.0,3237.0,3293.0,3426.0,3479.0
MD01-2461,24988,200,20193,118,20288.0,20946.0,20965.0,20696.0,20606.0,-1324.0,-761.0,-756.0,-515.0,-478.0
DAPC2,25015,200,21860,190,20348.0,21004.0,21127.0,20720.0,20611.0,224.0,906.0,727.0,1123.0,1149.0
MD01-2461,25041,419,21565,128,19944.0,21048.0,21504.0,20754.0,20591.0,-490.0,553.0,313.0,794.0,928.0
MD04-2829CQ,25172,200,22292,150,20450.0,21108.0,21268.0,20872.0,21096.0,598.0,1199.0,1198.0,1408.0,1421.0
MD04-2845,25466,338,22260,160,20525.0,21343.0,21734.0,21120.0,21113.0,-3.0,954.0,785.0,1130.0,1147.0
DAPC2,25647,200,23660,210,20974.0,21613.0,21974.0,21228.0,21121.0,1382.0,2130.0,1893.0,2391.0,2442.0
MD01-2461,25743,200,20931,129,21078.0,21676.0,22036.0,21365.0,21131.0,-1283.0,-706.0,-904.0,-440.0,-334.0
MD01-2461,25821,459,22234,147,20744.0,21779.0,22079.0,21508.0,21116.0,-584.0,484.0,416.0,701.0,1063.0
MD04-2845,26011,385,22550,170,20858.0,21816.0,21477.0,21884.0,21972.0,-382.0,648.0,1236.0,728.0,585.0
DAPC2,26271,200,23950,220,21540.0,22066.0,22313.0,22020.0,21981.0,1064.0,1965.0,1702.0,1890.0,1923.0
NA87-22,26421,884,23780,270,20684.0,22793.0,25482.0,22316.0,22415.0,-956.0,1101.0,676.0,1523.0,1439.0
MD99-2331,26512,601,25880,250,20986.0,22428.0,22432.0,22342.0,22416.0,1935.0,3446.0,3146.0,3589.0,3526.0
MD99-2331,26512,601,25140,230,20986.0,22428.0,22432.0,22342.0,22416.0,1222.0,2701.0,2478.0,2847.0,2771.0
RAPiD-17-5P,27310,255,23860,107,22381.0,23040.0,23181.0,23106.0,23265.0,106.0,828.0,813.0,777.0,608.0
MD99-2331,27331,708,26310,260,21680.0,23535.0,25348.0,23209.0,23282.0,1056.0,2880.0,2578.0,3167.0,3779.0
NA87-22,27353,752,24730,310,21500.0,23474.0,24326.0,23232.0,23283.0,-733.0,1254.0,1233.0,1551.0,2154.0
NA87-22,27353,752,23620,300,21500.0,23474.0,24326.0,23232.0,23283.0,-1830.0,144.0,151.0,441.0,1058.0
MD01-2461,27354,363,24074,168,22328.0,23114.0,22925.0,23186.0,23278.0,-110.0,930.0,847.0,941.0,814.0
MD04-2845,27620,384,24450,210,22492.0,23313.0,23962.0,23371.0,23287.0,-26.0,1146.0,1435.0,1012.0,1138.0
MD04-2845,27907,360,25080,230,22720.0,23659.0,24370.0,23913.0,24031.0,270.0,1466.0,1779.0,1244.0,1084.0
MD04-2829CQ,27922,200,24688,150,23070.0,23555.0,23383.0,23917.0,24001.0,297.0,1106.0,1200.0,804.0,721.0
NA87-22,28000,536,26350,330,22548.0,24024.0,25713.0,23991.0,24054.0,823.0,2503.0,1781.0,2442.0,2310.0
MD99-2331,28103,763,24390,210,22226.0,24060.0,25172.0,24057.0,24068.0,-1576.0,332.0,853.0,350.0,290.0
MD95-2002,28165,343,24410,250,23084.0,23982.0,24035.0,24059.0,24065.0,-729.0,491.0,91.0,365.0,336.0
MD04-2845,28180,334,25030,230,23094.0,23979.0,23991.0,24065.0,24065.0,-72.0,1106.0,712.0,974.0,951.0
94-609,28240,436,25660,440,22873.0,23879.0,24200.0,24096.0,24077.0,-98.0,1643.0,1593.0,1566.0,1547.0
MD01-2461,28462,371,25312,195,23272.0,24184.0,23770.0,24205.0,24142.0,-154.0,1086.0,1120.0,1070.0,1143.0
SU92-03,28593,428,24800,120,23428.0,24582.0,25449.0,24311.0,24165.0,-940.0,280.0,-493.0,459.0,635.0
MD04-2845,28727,389,25630,240,23534.0,24470.0,24698.0,24501.0,24686.0,-128.0,1214.0,1231.0,1139.0,1223.0
MD99-2331,28894,800,25870,250,22996.0,24656.0,25385.0,24710.0,25273.0,-876.0,1204.0,1469.0,1138.0,663.0
MD04-2845,28957,399,25270,240,23624.0,24842.0,24430.0,24714.0,24701.0,-910.0,444.0,91.0,532.0,595.0
MD04-2829CQ,28982,200,26045,150,24266.0,24793.0,24429.0,24721.0,24703.0,573.0,1207.0,1152.0,1310.0,1339.0
PS2644-5,29050,462,25700,300,23587.0,25032.0,25364.0,24794.0,25266.0,-814.0,736.0,462.0,850.0,776.0
94-609,29288,539,26570,310,23864.0,25288.0,26011.0,25201.0,25274.0,-362.0,1322.0,1199.0,1479.0,1374.0
MD99-2331,29324,818,26050,280,23274.0,25124.0,27227.0,25235.0,25276.0,-1190.0,1035.0,671.0,890.0,799.0
MD95-2002,29341,399,25820,230,24011.0,25262.0,26031.0,25219.0,25272.0,-718.0,606.0,666.0,675.0,578.0
MD01-2461,29363,499,25863,208,23930.0,25302.0,24988.0,25232.0,25276.0,-904.0,550.0,373.0,692.0,597.0
MD01-2461,29696,479,25928,209,24245.0,25550.0,26328.0,25339.0,25286.0,-1106.0,378.0,667.0,531.0,617.0
MD99-2331,29769,820,26370,260,23874.0,25624.0,28099.0,25418.0,25284.0,-1387.0,834.0,492.0,831.0,1062.0
PS2644-5,29888,503,27550,910,24314.0,25619.0,26117.0,25503.0,25291.0,-1062.0,1687.0,1525.0,1903.0,1917.0
MD99-2334,251,200,723,150,324.0,840.0,1402.0,217.0,120.0,-335.0,111.0,-299.0,472.0,505.0
MD99-2334,3707,81,3950,60,3250.0,3422.0,3471.0,3458.0,3488.0,246.0,538.0,577.0,496.0,493.0
MD99-2334,8421,28,8139,37,7518.0,7605.0,7581.0,7659.0,7689.0,360.0,536.0,553.0,483.0,468.0
SHAK10-10K,11590,200,10811,150,9682.0,10060.0,10048.0,10048.0,10034.0,216.0,808.0,521.0,754.0,755.0
SHAK14-4G,11590,200,10720,150,9682.0,10060.0,10048.0,10048.0,10034.0,126.0,717.0,430.0,663.0,664.0
SHAK03-6K,11590,200,10777,150,9682.0,10060.0,10048.0,10048.0,10034.0,182.0,774.0,487.0,720.0,721.0
MD99-2334,11690,200,10248,150,9751.0,10128.0,9950.0,10084.0,10042.0,-446.0,152.0,-115.0,144.0,153.0
MD99-2334,12840,200,11110,150,10632.0,11088.0,11272.0,10954.0,11047.0,-482.0,46.0,-193.0,185.0,121.0
SHAK10-10K,12868,200,11554,150,10654.0,11112.0,11260.0,10980.0,11047.0,-63.0,475.0,245.0,599.0,555.0
SHAK14-4G,12868,200,11514,150,10654.0,11112.0,11260.0,10980.0,11047.0,-103.0,435.0,205.0,559.0,515.0
SHAK03-6K,12868,200,11547,150,10654.0,11112.0,11260.0,10980.0,11047.0,-70.0,468.0,238.0,592.0,548.0
SHAK05-3K,12868,200,11344,150,10654.0,11112.0,11260.0,10980.0,11047.0,-273.0,265.0,35.0,389.0,345.0
MD99-2334,14034,200,12505,150,11633.0,11886.0,12056.0,12111.0,12029.0,-108.0,614.0,839.0,368.0,369.0
SHAK14-4G,14034,200,12567,150,11633.0,11886.0,12056.0,12111.0,12029.0,-46.0,676.0,901.0,430.0,431.0
SHAK03-6K,14034,200,12744,150,11633.0,11886.0,12056.0,12111.0,12029.0,130.0,854.0,1078.0,607.0,608.0
SHAK05-3K,14034,200,12382,150,11633.0,11886.0,12056.0,12111.0,12029.0,-232.0,492.0,716.0,245.0,246.0
MD99-2334,14649,200,12995,150,12026.0,12420.0,12575.0,12441.0,12453.0,-24.0,566.0,642.0,550.0,553.0
SHAK14-4G,14649,200,13264,150,12026.0,12420.0,12575.0,12441.0,12453.0,244.0,834.0,911.0,819.0,822.0
SHAK03-6K,14649,200,13238,150,12026.0,12420.0,12575.0,12441.0,12453.0,218.0,808.0,885.0,793.0,796.0
SHAK05-3K,14649,200,12988,150,12026.0,12420.0,12575.0,12441.0,12453.0,-32.0,558.0,635.0,543.0,546.0
MD99-2334,15947,200,14419,150,12860.0,13270.0,13360.0,13275.0,13254.0,575.0,1166.0,1159.0,1142.0,1139.0
SHAK10-10K,15947,200,14330,150,12860.0,13270.0,13360.0,13275.0,13254.0,486.0,1076.0,1070.0,1053.0,1050.0
SHAK14-4G,15947,200,14200,150,12860.0,13270.0,13360.0,13275.0,13254.0,356.0,946.0,940.0,923.0,920.0
SHAK03-6K,15947,200,14172,150,12860.0,13270.0,13360.0,13275.0,13254.0,328.0,918.0,912.0,895.0,892.0
SHAK05-3K,15947,200,14000,150,12860.0,13270.0,13360.0,13275.0,13254.0,156.0,746.0,740.0,723.0,720.0
MD99-2334,17420,200,15093,150,13926.0,14400.0,14384.0,14367.0,14451.0,95.0,672.0,597.0,759.0,723.0
SHAK10-10K,17420,200,15067,150,13926.0,14400.0,14384.0,14367.0,14451.0,69.0,646.0,571.0,733.0,697.0
SHAK14-4G,17420,200,15134,150,13926.0,14400.0,14384.0,14367.0,14451.0,136.0,712.0,638.0,800.0,764.0
SHAK03-6K,17420,200,14584,150,13926.0,14400.0,14384.0,14367.0,14451.0,-414.0,162.0,88.0,250.0,214.0
MD99-2334,20262,200,17765,150,16386.0,16832.0,17167.0,16750.0,16715.0,347.0,968.0,992.0,1007.0,1025.0
SHAK10-10K,20262,200,17810,150,16386.0,16832.0,17167.0,16750.0,16715.0,392.0,1012.0,1037.0,1052.0,1070.0
SHAK14-4G,20262,200,17514,150,16386.0,16832.0,17167.0,16750.0,16715.0,96.0,716.0,741.0,756.0,774.0
SHAK03-6K,20262,200,17404,150,16386.0,16832.0,17167.0,16750.0,16715.0,-14.0,606.0,631.0,646.0,664.0
SHAK05-3K,20262,200,17787,150,16386.0,16832.0,17167.0,16750.0,16715.0,369.0,990.0,1014.0,1029.0,1047.0
MD99-2334,21783,200,19170,150,17550.0,18144.0,18669.0,17872.0,17822.0,531.0,1123.0,1151.0,1279.0,1297.0
SHAK14-4G,21783,200,18817,150,17550.0,18144.0,18669.0,17872.0,17822.0,178.0,770.0,798.0,926.0,944.0
SHAK03-6K,21783,200,18782,150,17550.0,18144.0,18669.0,17872.0,17822.0,143.0,735.0,763.0,891.0,909.0
SHAK05-3K,21783,200,18864,150,17550.0,18144.0,18669.0,17872.0,17822.0,225.0,817.0,845.0,973.0,991.0
MD99-2334,23410,200,20725,150,18878.0,19416.0,19617.0,19448.0,19406.0,562.0,1292.0,1424.0,1276.0,1276.0
SHAK03-6K,23410,200,20196,150,18878.0,19416.0,19617.0,19448.0,19406.0,33.0,764.0,895.0,747.0,747.0
MD99-2334,24298,200,21100,150,19764.0,20216.0,20394.0,20285.0,20344.0,229.0,959.0,739.0,839.0,809.0
SHAK03-6K,24298,200,20742,150,19764.0,20216.0,20394.0,20285.0,20344.0,-129.0,601.0,381.0,481.0,451.0
MD99-2334,25725,200,22293,150,21064.0,21664.0,22026.0,21341.0,21131.0,58.0,677.0,502.0,943.0,1035.0
