,Event,Site,Latitude,Latitude_2,Longitude,Longitude_2,Cal age,Cal age std e,Age dated,Age std e,Res age,Res age e,Reference,Elevation,Date/Time,group
0,DrakePCoral,Drake P Coral,-57.75,-57.75,-64,-64,0.009,0.078,0.805,0.065,0.682,0.072,"Burke & Robinson, 2012",,,Southern Ocean
1,DrakePCoral,Drake P Coral,-57.75,-57.75,-64,-64,0.066,0.011,0.87,0.07,0.769,0.07,"Burke & Robinson, 2012",,,Southern Ocean
2,DrakePCoral,Drake P Coral,-57.75,-57.75,-64,-64,0.468,0.021,1.38,0.06,1.01,0.066,"Burke & Robinson, 2012",,,Southern Ocean
3,MD07-3076,MD7-3076,-44.1,-44.1533,-14.2,-14.2282,1.042,0.046,1.985,0.03,0.86,0.051,"Skinner et al., 2010",-3770,,Southern Ocean
4,MD07-3076,MD7-3076,-44.1,-44.1533,-14.2,-14.2282,1.042,0.046,2.475,0.03,1.35,0.051,"Skinner et al., 2010",-3770,,Southern Ocean
5,MD07-3076,MD7-3076,-44.1,-44.1533,-14.2,-14.2282,1.458,0.093,2.362,0.035,0.792,0.103,"Skinner et al., 2010",-3770,,Southern Ocean
6,MD97-2121,MD97-2121,-40.4,-40.38,-178,177.99,1.718,0.01,2.331,0.04,0.379,0.049,Skinner et al. 2015,-3014,,Southern Ocean
7,MD07-3088,MD07-3088,-46,-46.0717,-75,-75.6872,1.759,0.171,2.51,0.03,0.677,0.148,Siani et al. 2013,-1536,2007/1/1,Southern Ocean
8,MD07-3076,MD7-3076,-44.1,-44.1533,-14.2,-14.2282,1.991,0.116,2.945,0.037,0.869,0.107,"Skinner et al., 2010",-3770,,Southern Ocean
9,MD07-3076,MD7-3076,-44.1,-44.1533,-14.2,-14.2282,2.986,0.162,3.725,0.037,0.823,0.121,"Skinner et al., 2010",-3770,,Southern Ocean
10,MD07-3088,MD07-3088,-46,-46.0717,-75,-75.6872,4.098,0.182,4.475,0.03,0.767,0.13,Siani et al. 2013,-1536,2007/1/1,Southern Ocean
11,MD07-3076,MD7-3076,-44.1,-44.1533,-14.2,-14.2282,4.329,0.162,4.905,0.035,1.028,0.12,"Skinner et al., 2010",-3770,,Southern Ocean
12,DrakePCoral,Drake P Coral,-57.75,-57.75,-64,-64,4.643,0.169,4.85,0.075,0.725,0.154,"Burke & Robinson, 2012",,,Southern Ocean
13,MD07-3076,MD7-3076,-44.1,-44.1533,-14.2,-14.2282,5.37,0.139,5.687,0.037,0.999,0.115,"Skinner et al., 2010",-3770,,Southern Ocean
14,DrakePCoral,Drake P Coral,-57.75,-57.75,-64,-64,5.883,0.053,5.99,0.09,0.901,0.112,"Burke & Robinson, 2012",,,Southern Ocean
15,MD07-3076,MD7-3076,-44.1,-44.1533,-14.2,-14.2282,6.319,0.093,6.506,0.037,0.929,0.111,"Skinner et al., 2010",-3770,,Southern Ocean
16,DrakePCoral,Drake P Coral,-57.75,-57.75,-64,-64,6.47,0.048,6.43,0.095,0.736,0.106,"Burke & Robinson, 2012",,,Southern Ocean
17,MD07-3076,MD7-3076,-44.1,-44.1533,-14.2,-14.2282,6.806,0.185,6.732,0.036,0.73,0.146,"Skinner et al., 2010",-3770,,Southern Ocean
18,MD97-2121,MD97-2121,-40.4,-40.38,-178,177.99,7.027,0.17,6.884,0.03,0.735,0.189,Skinner et al. 2015,-3014,,Southern Ocean
19,RR0503-83GC,RR0503 TC 83,-36.74,-37.74,-176.64,176.64,8.009,0.069,7.54,0.025,0.261,0.085,"Sikes et al., 2016",-1627,,Southern Ocean
20,RR0503-83GC,RR0503 TC 83,-36.74,-37.74,-176.64,176.64,8.009,0.069,7.75,0.03,0.474,0.087,"Sikes et al., 2016",-1627,,Southern Ocean
21,RR0503-83GC,RR0503 TC 83,-36.74,-37.74,-176.64,176.64,8.009,0.069,8.2,0.03,0.924,0.087,"Sikes et al., 2016",-1627,,Southern Ocean
22,RR0503-83GC,RR0503 TC 83,-36.74,-37.74,-176.64,176.64,8.009,0.069,8.35,0.025,1.071,0.085,"Sikes et al., 2016",-1627,,Southern Ocean
23,MD07-3076,MD7-3076,-44.1,-44.1533,-14.2,-14.2282,8.079,0.162,8.39,0.04,1.105,0.165,"Skinner et al., 2010",-3770,,Southern Ocean
24,MD07-3076,MD7-3076,-44.1,-44.1533,-14.2,-14.2282,9.074,0.116,9.52,0.04,1.336,0.099,"Skinner et al., 2010",-3770,,Southern Ocean
25,MD07-3076,MD7-3076,-44.1,-44.1533,-14.2,-14.2282,9.074,0.116,9.51,0.05,1.324,0.105,"Skinner et al., 2010",-3770,,Southern Ocean
26,MD07-3076,MD7-3076,-44.1,-44.1533,-14.2,-14.2282,9.074,0.116,9.07,0.05,0.884,0.105,"Skinner et al., 2010",-3770,,Southern Ocean
27,MD07-3076,MD7-3076,-44.1,-44.1533,-14.2,-14.2282,9.769,0.116,9.56,0.04,0.775,0.08,"Skinner et al., 2010",-3770,,Southern Ocean
28,MD97-2121,MD97-2121,-40.4,-40.38,-178,177.99,9.906,0.246,8.812,0.036,0.282,0.019,Skinner et al. 2015,-3014,,Southern Ocean
29,MD07-3076,MD7-3076,-44.1,-44.1533,-14.2,-14.2282,10.347,0.069,9.79,0.05,0.582,0.076,"Skinner et al., 2010",-3770,,Southern Ocean
30,MD07-3076,MD7-3076,-44.1,-44.1533,-14.2,-14.2282,10.347,0.069,10.06,0.05,0.852,0.076,"Skinner et al., 2010",-3770,,Southern Ocean
31,MD07-3076,MD7-3076,-44.1,-44.1533,-14.2,-14.2282,10.694,0.069,10.3,0.045,0.864,0.078,"Skinner et al., 2010",-3770,,Southern Ocean
32,MD07-3076,MD7-3076,-44.1,-44.1533,-14.2,-14.2282,11.134,0.069,10.47,0.05,0.815,0.105,"Skinner et al., 2010",-3770,,Southern Ocean
33,MD07-3076,MD7-3076,-44.1,-44.1533,-14.2,-14.2282,11.134,0.069,10.57,0.06,0.916,0.11,"Skinner et al., 2010",-3770,,Southern Ocean
34,MD07-3076,MD7-3076,-44.1,-44.1533,-14.2,-14.2282,11.134,0.069,10.67,0.05,1.015,0.105,"Skinner et al., 2010",-3770,,Southern Ocean
35,MD97-2121,MD97-2121,-40.4,-40.38,-178,177.99,11.195,0.051,10.552,0.038,0.712,0.036,Skinner et al. 2015,-3014,,Southern Ocean
36,MD07-3088,MD07-3088,-46,-46.0717,-75,-75.6872,11.252,0.347,10.88,0.035,0.859,0.214,Siani et al. 2013,-1536,2007/1/1,Southern Ocean
37,MD07-3076,MD7-3076,-44.1,-44.1533,-14.2,-14.2282,11.389,0.093,10.6,0.05,0.604,0.083,"Skinner et al., 2010",-3770,,Southern Ocean
38,MD07-3076,MD7-3076,-44.1,-44.1533,-14.2,-14.2282,11.389,0.093,10.73,0.05,0.734,0.083,"Skinner et al., 2010",-3770,,Southern Ocean
39,MD07-3076,MD7-3076,-44.1,-44.1533,-14.2,-14.2282,11.644,0.116,10.79,0.05,0.728,0.072,"Skinner et al., 2010",-3770,,Southern Ocean
40,MD07-3076,MD7-3076,-44.1,-44.1533,-14.2,-14.2282,11.644,0.116,10.82,0.05,0.758,0.072,"Skinner et al., 2010",-3770,,Southern Ocean
41,DrakePCoral,Drake P Coral,-57.75,-57.75,-64,-64,11.777,0.135,10.7,0.14,0.569,0.154,"Burke & Robinson, 2012",,,Southern Ocean
42,TNO57-21,TNO57-21,-41.1,-41.1,7.8,7.8,12.201,0.2,10.9,0.045,0.515,0.207,"Barker et al., 2014",-4981,,Southern Ocean
43,MD07-3076,MD7-3076,-44.1,-44.1533,-14.2,-14.2282,12.222,0.139,11.4,0.05,1.017,0.094,"Skinner et al., 2010",-3770,,Southern Ocean
44,MD07-3076,MD7-3076,-44.1,-44.1533,-14.2,-14.2282,12.894,0.069,11.835,0.05,0.795,0.071,"Skinner et al., 2010",-3770,,Southern Ocean
45,TNO57-21,TNO57-21,-41.1,-41.1,7.8,7.8,12.98,0.2,12.2,0.075,1.152,0.407,"Barker et al., 2014",-4981,,Southern Ocean
46,MD07-3076,MD7-3076,-44.1,-44.1533,-14.2,-14.2282,13.241,0.093,12.76,0.06,1.382,0.117,"Skinner et al., 2010",-3770,,Southern Ocean
47,DrakePCoral,Drake P Coral,-57.75,-57.75,-64,-64,13.397,0.076,12.75,0.18,1.193,0.198,"Burke & Robinson, 2012",,,Southern Ocean
48,TNO57-21,TNO57-21,-41.1,-41.1,7.8,7.8,13.58,0.2,12.7,0.055,0.875,0.311,"Barker et al., 2014",-4981,,Southern Ocean
49,DrakePCoral,Drake P Coral,-57.75,-57.75,-64,-64,13.707,0.068,13.15,0.18,1.278,0.193,"Burke & Robinson, 2012",,,Southern Ocean
50,MD07-3088,MD07-3088,-46,-46.0717,-75,-75.6872,13.812,0.233,12.885,0.04,0.838,0.2,Siani et al. 2013,-1536,2007/1/1,Southern Ocean
51,RR0503-64JPC,RR0503 JPC 64,-37.42,-37.422,-177,177.002,13.998,0.11,12.72,0.045,0.643,0.105,"Sikes et al., 2016",-651,,Southern Ocean
52,RR0503-79JPC,RR0503 JPC 79,-36.96,-36.9587,-176.59,176.5928,13.998,0.11,12.81,0.035,0.741,0.1,"Sikes et al., 2016",-1165,,Southern Ocean
53,MD07-3076,MD7-3076,-44.1,-44.1533,-14.2,-14.2282,14.097,0.093,13.36,0.06,1.161,0.11,"Skinner et al., 2010",-3770,,Southern Ocean
54,TNO57-21,TNO57-21,-41.1,-41.1,7.8,7.8,14.18,0.2,12.95,0.055,0.547,0.256,"Barker et al., 2014",-4981,,Southern Ocean
55,MD97-2121,MD97-2121,-40.4,-40.38,-178,177.99,14.324,0.254,12.839,0.045,0.641,0.385,Skinner et al. 2015,-3014,,Southern Ocean
56,MD07-3076,MD7-3076,-44.1,-44.1533,-14.2,-14.2282,14.491,0.069,13.3,0.06,0.88,0.071,"Skinner et al., 2010",-3770,,Southern Ocean
57,MD07-3088,MD07-3088,-46,-46.0717,-75,-75.6872,14.491,0.464,13.755,0.035,1.329,0.258,Siani et al. 2013,-1536,2007/1/1,Southern Ocean
58,MD07-3076,MD7-3076,-44.1,-44.1533,-14.2,-14.2282,14.653,0.069,13.43,0.06,0.977,0.074,"Skinner et al., 2010",-3770,,Southern Ocean
59,TNO57-21,TNO57-21,-41.1,-41.1,7.8,7.8,14.77,0.2,13.15,0.07,0.68,0.233,"Barker et al., 2014",-4981,,Southern Ocean
60,MD07-3076,MD7-3076,-44.1,-44.1533,-14.2,-14.2282,14.792,0.069,13.52,0.11,1.007,0.119,"Skinner et al., 2010",-3770,,Southern Ocean
61,MD07-3076,MD7-3076,-44.1,-44.1533,-14.2,-14.2282,15.139,0.162,13.44,0.06,0.793,0.138,"Skinner et al., 2010",-3770,,Southern Ocean
62,MD07-3076,MD7-3076,-44.1,-44.1533,-14.2,-14.2282,15.139,0.162,13.38,0.06,0.733,0.138,"Skinner et al., 2010",-3770,,Southern Ocean
63,MD07-3076,MD7-3076,-44.1,-44.1533,-14.2,-14.2282,15.139,0.162,13.38,0.07,0.72,0.143,"Skinner et al., 2010",-3770,,Southern Ocean
64,MD07-3076,MD7-3076,-44.1,-44.1533,-14.2,-14.2282,15.139,0.162,13.45,0.06,0.803,0.138,"Skinner et al., 2010",-3770,,Southern Ocean
65,MD07-3076,MD7-3076,-44.1,-44.1533,-14.2,-14.2282,15.139,0.162,13.26,0.06,0.613,0.138,"Skinner et al., 2010",-3770,,Southern Ocean
66,TNO57-21,TNO57-21,-41.1,-41.1,7.8,7.8,15.892,0.2,14.75,0.065,1.521,0.289,"Barker et al., 2014",-4981,,Southern Ocean
67,DrakePCoral,Drake P Coral,-57.75,-57.75,-64,-64,16.402,0.31,14.2,0.18,0.561,0.282,"Burke & Robinson, 2012",,,Southern Ocean
68,TNO57-21,TNO57-21,-41.1,-41.1,7.8,7.8,16.453,0.2,14.85,0.06,1.154,0.286,"Barker et al., 2014",-4981,,Southern Ocean
69,MD07-3076,MD7-3076,-44.1,-44.1533,-14.2,-14.2282,16.574,0.324,15.36,0.07,1.597,0.237,"Skinner et al., 2010",-3770,,Southern Ocean
70,MD07-3076,MD7-3076,-44.1,-44.1533,-14.2,-14.2282,16.574,0.324,15.36,0.06,1.592,0.235,"Skinner et al., 2010",-3770,,Southern Ocean
71,MD07-3076,MD7-3076,-44.1,-44.1533,-14.2,-14.2282,16.574,0.324,15.56,0.08,1.801,0.24,"Skinner et al., 2010",-3770,,Southern Ocean
72,TNO57-21,TNO57-21,-41.1,-41.1,7.8,7.8,17.014,0.2,15.65,0.08,1.689,0.295,"Barker et al., 2014",-4981,,Southern Ocean
73,MD07-3076,MD7-3076,-44.1,-44.1533,-14.2,-14.2282,17.106,0.324,15.65,0.18,1.581,0.291,"Skinner et al., 2010",-3770,,Southern Ocean
74,MD07-3076,MD7-3076,-44.1,-44.1533,-14.2,-14.2282,17.569,0.347,16.51,0.21,2.104,0.35,"Skinner et al., 2010",-3770,,Southern Ocean
75,TNO57-21,TNO57-21,-41.1,-41.1,7.8,7.8,17.575,0.2,16.05,0.065,1.535,0.323,"Barker et al., 2014",-4981,,Southern Ocean
76,MD07-3076,MD7-3076,-44.1,-44.1533,-14.2,-14.2282,17.801,0.347,16.698,0.05,2.141,0.291,"Skinner et al., 2010",-3770,,Southern Ocean
77,MD97-2121,MD97-2121,-40.4,-40.38,-178,177.99,17.845,0.38,15.986,0.056,1.286,0.194,Skinner et al. 2015,-3014,,Southern Ocean
78,RR0503-83GC,RR0503 TC 83,-36.74,-37.74,-176.64,176.64,17.906,0.147,15.835,0.04,1.212,0.147,"Sikes et al., 2016",-1627,,Southern Ocean
79,RR0503-83GC,RR0503 TC 83,-36.74,-37.74,-176.64,176.64,17.906,0.147,15.965,0.04,1.342,0.147,"Sikes et al., 2016",-1627,,Southern Ocean
80,RR0503-83GC,RR0503 TC 83,-36.74,-37.74,-176.64,176.64,17.906,0.147,15.58,0.045,0.954,0.148,"Sikes et al., 2016",-1627,,Southern Ocean
81,RR0503-83GC,RR0503 TC 83,-36.74,-37.74,-176.64,176.64,17.906,0.147,15.515,0.04,0.892,0.147,"Sikes et al., 2016",-1627,,Southern Ocean
82,RR0503-64JPC,RR0503 JPC 64,-37.42,-37.422,-177,177.002,17.906,0.147,15.02,0.06,0.38,0.154,"Sikes et al., 2016",-651,,Southern Ocean
83,RR0503-64JPC,RR0503 JPC 64,-37.42,-37.422,-177,177.002,17.906,0.147,15.245,0.04,0.622,0.147,"Sikes et al., 2016",-651,,Southern Ocean
84,MD07-3076,MD7-3076,-44.1,-44.1533,-14.2,-14.2282,18.009,0.324,17.03,0.2,2.185,0.345,"Skinner et al., 2010",-3770,,Southern Ocean
85,MD07-3076,MD7-3076,-44.1,-44.1533,-14.2,-14.2282,18.38,0.278,17.4,0.12,2.294,0.291,"Skinner et al., 2010",-3770,,Southern Ocean
86,TNO57-21,TNO57-21,-41.1,-41.1,7.8,7.8,18.697,0.2,16.9,0.08,1.654,0.365,"Barker et al., 2014",-4981,,Southern Ocean
87,MD07-3076,MD7-3076,-44.1,-44.1533,-14.2,-14.2282,19.028,0.231,18.22,0.1,2.378,0.236,"Skinner et al., 2010",-3770,,Southern Ocean
88,TNO57-21,TNO57-21,-41.1,-41.1,7.8,7.8,19.259,0.2,17.4,0.07,1.41,0.363,"Barker et al., 2014",-4981,,Southern Ocean
89,MD07-3076,MD7-3076,-44.1,-44.1533,-14.2,-14.2282,19.398,0.255,18.07,0.13,2.029,0.246,"Skinner et al., 2010",-3770,,Southern Ocean
90,TNO57-21,TNO57-21,-41.1,-41.1,7.8,7.8,19.82,0.2,18,0.085,1.592,0.336,"Barker et al., 2014",-4981,,Southern Ocean
91,MD07-3076,MD7-3076,-44.1,-44.1533,-14.2,-14.2282,20.509,0.44,19.06,0.13,2.093,0.374,"Skinner et al., 2010",-3770,,Southern Ocean
92,TNO57-21,TNO57-21,-41.1,-41.1,7.8,7.8,22.064,0.2,19.3,0.09,1.049,0.363,"Barker et al., 2014",-4981,,Southern Ocean
93,MD07-3076,MD7-3076,-44.1,-44.1533,-14.2,-14.2282,22.87,0.532,20.58,0.13,1.627,0.485,"Skinner et al., 2010",-3770,,Southern Ocean
94,MD07-3076,MD7-3076,-44.1,-44.1533,-14.2,-14.2282,24.722,0.463,21.73,0.1,1.137,0.393,"Skinner et al., 2010",-3770,,Southern Ocean
95,MD97-2121,MD97-2121,-40.4,-40.38,-178,177.99,25.358,0.162,22.322,0.085,1.037,0.152,Skinner et al. 2015,-3014,,Southern Ocean
96,RR0503-79JPC,RR0503 JPC 79,-36.96,-36.9587,-176.59,176.5928,25.65,0.04,22.14,0.06,0.847,0.106,"Sikes et al., 2016",-1165,,Southern Ocean
97,BP_S794,S794,-36.31,-36.3098,-176.64,176.6398,25.65,0.04,22.02,0.08,0.727,0.118,"Sikes et al., 2016",-2406,,Southern Ocean
98,HT_S938,S938,-45.08,-40.0327,-179.5,179.996,25.65,0.04,21.64,0.08,0.347,0.118,"Sikes et al., 2016",-3003,,Southern Ocean
99,S931,S931,-39.46,-39.5,-176.42,-176.4,25.65,0.04,22.2,0.08,0.907,0.118,"Sikes et al., 2016",-4096,,Southern Ocean
100,RR0503-36JPC,RR0503 JPC 36,-39.94,-39.9412,-176.22,176.2238,25.65,0.04,21.77,0.07,0.477,0.111,"Sikes et al., 2016",,,Southern Ocean
101,MD07-3076,MD7-3076,-44.1,-44.1533,-14.2,-14.2282,26.227,0.486,22.44,0.16,0.268,0.501,"Skinner et al., 2010",-3770,,Southern Ocean
102,MD07-3076,MD7-3076,-44.1,-44.1533,-14.2,-14.2282,27.384,0.486,23.39,0.11,0.791,0.541,"Skinner et al., 2010",-3770,,Southern Ocean
103,MD07-3076,MD7-3076,-44.1,-44.1533,-14.2,-14.2282,28.472,0.394,24.52,0.2,0.193,0.449,"Skinner et al., 2010",-3770,,Southern Ocean
104,MD07-3076,MD7-3076,-44.1,-44.1533,-14.2,-14.2282,29.931,0.347,25.97,0.13,0.175,0.303,"Skinner et al., 2010",-3770,,Southern Ocean
105,MD07-3076,MD7-3076,-44.1,-44.1533,-14.2,-14.2282,30.81,0.486,26.55,0.25,0.369,0.682,"Skinner et al., 2010",-3770,,Southern Ocean
106,MD07-3076,MD7-3076,-44.1,-44.1533,-14.2,-14.2282,32.106,0.625,28.54,0.089,0.222,0.579,"Skinner et al., 2010",-3770,,Southern Ocean
107,MD07-3076,MD7-3076,-44.1,-44.1533,-14.2,-14.2282,32.639,0.625,28.827,0.091,0.435,0.523,"Skinner et al., 2010",-3770,,Southern Ocean
0,MD04-2829CQ,MD04-2829,58.9,58.9488,-9.6,-9.5717,1.3,0.2,1.79,0.15,0.416,0.248,this study,-1007,,Northeast Atlantic
1,DAPC2,DAPC2,58.97,59,-9.61,-9.6,3.672,0.2,3.74,0.055,0.273,0.174,"Knutz et al., 2007",-1709,,Northeast Atlantic
2,94-609,DSDP609,49.88,49.8778,-24.23,-24.2382,5.516,0.151,5.42,0.08,0.693,0.167,"Waelbroeck et al., 2019",-3884,1983/1/1,Northeast Atlantic
3,DAPC2,DAPC2,58.97,59,-9.61,-9.6,9.238,0.2,8.59,0.09,0.34,0.207,"Knutz et al., 2007",-1709,,Northeast Atlantic
4,RAPiD-15-4P,4P-SUERC426-427,62.29,62.293,-17.13,-17.134,10.297,0.1,9.739,0.038,0.345,0.112,"Thornalley et al., 2010",-2133,,Northeast Atlantic
5,RAPiD-17-5P,5P-SUERC862-863,61.48,61.466,-19.54,-19.533,10.297,0.1,9.728,0.039,0.526,0.113,"Thornalley et al., 2010",-2303,,Northeast Atlantic
6,RAPID-12-1K,1K-SUERC480-481,62.09,62.09,-17.82,-17.82,10.447,0.101,9.752,0.035,0.513,0.08,"Thornalley et al., 2010",-1938,,Northeast Atlantic
7,RAPiD-10-1P,1P-SUERC40-41,62.98,62.9755,-17.59,-17.5895,10.51,0.25,9.587,0.038,0.357,0.142,"Thornalley et al., 2010",-1237,,Northeast Atlantic
8,RAPiD-15-4P,4P-SUERC432-433,62.29,62.293,-17.13,-17.134,10.714,0.15,10.198,0.04,0.738,0.109,"Thornalley et al., 2010",-2133,,Northeast Atlantic
9,RAPiD-17-5P,5P-SUERC884-885,61.48,61.466,-19.54,-19.533,10.727,0.15,9.862,0.039,0.291,0.107,"Thornalley et al., 2010",-2303,,Northeast Atlantic
10,MD04-2829CQ,MD04-2829,58.9,58.9488,-9.6,-9.5717,10.9,0.2,9.794,0.15,0.224,0.2,this study,-1007,,Northeast Atlantic
11,RAPID-12-1K,1K-SUERC584-586,62.09,62.09,-17.82,-17.82,11.235,0.2,10.356,0.035,0.363,0.143,"Thornalley et al., 2010",-1938,,Northeast Atlantic
12,RAPiD-15-4P,4P-SUERC442-443,62.29,62.293,-17.13,-17.134,11.41,0.15,10.358,0.042,0.778,0.121,"Thornalley et al., 2010",-2133,,Northeast Atlantic
13,RAPiD-17-5P,5P-SUERC922-923,61.48,61.466,-19.54,-19.533,11.501,0.15,10.516,0.039,0.488,0.09,"Thornalley et al., 2010",-2303,,Northeast Atlantic
14,RAPiD-10-1P,1P-SUERC51-52,62.98,62.9755,-17.59,-17.5895,11.55,0.2,10.568,0.04,0.533,0.12,"Thornalley et al., 2010",-1237,,Northeast Atlantic
15,MD04-2829CQ,MD04-2829,58.9,58.9488,-9.6,-9.5717,11.62,0.2,10.965,0.15,0.898,0.179,this study,-1007,,Northeast Atlantic
16,RAPID-12-1K,1K-SUERC636-638,62.09,62.09,-17.82,-17.82,11.63,0.2,10.577,0.036,0.532,0.105,"Thornalley et al., 2010",-1938,,Northeast Atlantic
17,RAPiD-15-4P,4P-SUERC452-453,62.29,62.293,-17.13,-17.134,11.653,0.15,10.796,0.039,1.425,0.076,"Thornalley et al., 2010",-2133,,Northeast Atlantic
18,RAPiD-17-5P,5P-SUERC928-929,61.48,61.466,-19.54,-19.533,11.683,0.101,10.783,0.039,0.704,0.064,"Thornalley et al., 2010",-2303,,Northeast Atlantic
19,MD95-2007,MD95-2007,57.5,57.5177,-8.4,-8.3862,11.775,0.068,10.664,0.065,0.529,0.078,"Austin et al., 2011",-158,1995/1/1,Northeast Atlantic
20,DAPC2,DAPC2,58.97,59,-9.61,-9.6,11.833,0.2,10.83,0.09,0.683,0.136,"Knutz et al., 2007",-1709,,Northeast Atlantic
21,RAPiD-15-4P,4P-SUERC458-459,62.29,62.293,-17.13,-17.134,11.934,0.101,10.965,0.04,1.251,0.077,"Thornalley et al., 2010",-2133,,Northeast Atlantic
22,RAPiD-10-1P,1P-SUERC98-99,62.98,62.9755,-17.59,-17.5895,12.12,0.052,11.566,0.04,1.215,0.064,"Thornalley et al., 2010",-1237,,Northeast Atlantic
23,RAPiD-15-4P,4P-SUERC463-464,62.29,62.293,-17.13,-17.134,12.208,0.151,11.808,0.041,1.251,0.097,"Thornalley et al., 2010",-2133,,Northeast Atlantic
24,RAPiD-17-5P,5P-SUERC954-955,61.48,61.466,-19.54,-19.533,12.317,0.3,11.897,0.042,1.509,0.175,"Thornalley et al., 2010",-2303,,Northeast Atlantic
25,MD95-2002,MD95-2002,47.45,47.452,-8.53,-8.5338,12.318,0.223,11.19,0.1,0.786,0.196,"Waelbroeck et al., 2019",-2174,1995/1/1,Northeast Atlantic
26,NA87-22,NA87-22,55.5,55.5,-14.7,-14.5833,12.327,0.586,11.32,0.09,0.93,0.484,"Waelbroeck et al., 2019",-2161,,Northeast Atlantic
27,RAPiD-10-1P,1P-SUERC112-113,62.98,62.9755,-17.59,-17.5895,12.34,0.101,12.256,0.04,1.862,0.069,"Thornalley et al., 2010",-1237,,Northeast Atlantic
28,MD03-2697,MD03-2697,42.16,42.15,-9.7,-9.7,12.377,0.531,11.92,0.06,1.528,0.418,"Waelbroeck et al., 2019",-2164,,Northeast Atlantic
29,RAPiD-15-4P,4P-OS75478465-466,62.29,62.293,-17.13,-17.134,12.382,0.2,11.65,0.05,0.886,0.151,"Thornalley et al., 2010",-2133,,Northeast Atlantic
30,MD01-2461,MD01-2461,51.75,51.7483,-12.92,-12.915,12.396,0.117,11.032,0.039,0.632,0.085,"Waelbroeck et al., 2019",-1153,2001/1/1,Northeast Atlantic
31,MD95-2007,MD95-2007,57.5,57.5177,-8.4,-8.3862,12.43,0.106,11.353,0.062,0.885,0.099,"Austin et al., 2011",-158,1995/1/1,Northeast Atlantic
32,RAPiD-10-1P,1P-SUERC120-121,62.98,62.9755,-17.59,-17.5895,12.47,0.101,12.379,0.042,1.881,0.092,"Thornalley et al., 2010",-1237,,Northeast Atlantic
33,MD95-2007,MD95-2007,57.5,57.5177,-8.4,-8.3862,12.482,0.104,11.299,0.066,0.793,0.111,"Austin et al., 2011",-158,1995/1/1,Northeast Atlantic
34,MD95-2007,MD95-2007,57.5,57.5177,-8.4,-8.3862,12.552,0.104,11.5,0.09,0.933,0.156,"Austin et al., 2011",-158,1995/1/1,Northeast Atlantic
35,RAPiD-15-4P,4P-OS-75502467-468,62.29,62.293,-17.13,-17.134,12.556,0.2,11.75,0.05,0.988,0.127,"Thornalley et al., 2010",-2133,,Northeast Atlantic
36,MD01-2461,MD02-2461,51.75,51.7483,-12.92,-12.915,12.59,0.2,11.032,0.039,0.426,0.114,"Peck et al., 2006",-1153,2001/1/1,Northeast Atlantic
37,MD95-2007,MD95-2007,57.5,57.5177,-8.4,-8.3862,12.596,0.098,11.296,0.077,0.686,0.158,"Austin et al., 2011",-158,1995/1/1,Northeast Atlantic
38,RAPiD-10-1P,1P-SUERC128-129,62.98,62.9755,-17.59,-17.5895,12.6,0.101,12.583,0.041,1.963,0.04,"Thornalley et al., 2010",-1237,,Northeast Atlantic
39,RAPiD-15-4P,4P-OS-75503469-470,62.29,62.293,-17.13,-17.134,12.73,0.151,11.9,0.045,0.783,0.176,"Thornalley et al., 2010",-2133,,Northeast Atlantic
40,94-609,DSDP609,49.88,49.8778,-24.23,-24.2382,12.736,0.465,12.38,0.12,1.919,0.441,"Waelbroeck et al., 2019",-3884,1983/1/1,Northeast Atlantic
41,RAPiD-10-1P,1P-SUERC135-136,62.98,62.9755,-17.59,-17.5895,12.75,0.2,12.512,0.039,1.48,0.211,"Thornalley et al., 2010",-1237,,Northeast Atlantic
42,DAPC2,DAPC2,58.97,59,-9.61,-9.6,12.761,0.2,11.38,0.11,0.365,0.25,"Knutz et al., 2007",-1709,,Northeast Atlantic
43,RAPiD-15-4P,4P-OS-75504471-472,62.29,62.293,-17.13,-17.134,12.799,0.101,12,0.05,0.755,0.139,"Thornalley et al., 2010",-2133,,Northeast Atlantic
44,RAPiD-15-4P,4P-SUERC472-473,62.29,62.293,-17.13,-17.134,12.833,0.101,11.811,0.042,0.428,0.095,"Thornalley et al., 2010",-2133,,Northeast Atlantic
45,MD95-2007,MD95-2007,57.5,57.5177,-8.4,-8.3862,12.973,0.071,11.471,0.062,0.389,0.094,"Austin et al., 2011",-158,1995/1/1,Northeast Atlantic
46,RAPiD-15-4P,4P-SUERC477-478,62.29,62.293,-17.13,-17.134,13.09,0.201,11.816,0.039,0.273,0.217,"Thornalley et al., 2010",-2133,,Northeast Atlantic
47,RAPiD-10-1P,1P-OS-75782140-141,62.98,62.9755,-17.59,-17.5895,13.11,0.201,12.65,0.05,1.273,0.009,"Thornalley et al., 2010",-1237,,Northeast Atlantic
48,MD01-2461,MD01-2461,51.75,51.7483,-12.92,-12.915,13.142,0.336,12.551,0.046,1.496,0.272,"Waelbroeck et al., 2019",-1153,2001/1/1,Northeast Atlantic
49,MD04-2829CQ,MD04-2829,58.9,58.9488,-9.6,-9.5717,13.2,0.2,11.574,0.15,0.196,0.259,this study,-1007,,Northeast Atlantic
50,MD01-2461,MD02-2461,51.75,51.7483,-12.92,-12.915,13.304,0.2,12.551,0.046,1.083,0.18,"Peck et al., 2006",-1153,2001/1/1,Northeast Atlantic
51,NA87-22,NA87-22,55.5,55.5,-14.7,-14.5833,13.423,0.349,11.69,0.12,0.158,0.358,"Waelbroeck et al., 2019",-2161,,Northeast Atlantic
52,RAPiD-10-1P,1P-OS-75783144-145,62.98,62.9755,-17.59,-17.5895,13.43,0.25,12.8,0.06,0.854,0.234,"Thornalley et al., 2010",-1237,,Northeast Atlantic
53,MD95-2007,MD95-2007,57.5,57.5177,-8.4,-8.3862,13.536,0.14,12.353,0.074,0.625,0.164,"Austin et al., 2011",-158,1995/1/1,Northeast Atlantic
54,RAPiD-17-5P,5P-SUERC966-967,61.48,61.466,-19.54,-19.533,13.55,0.3,12.754,0.043,0.925,0.262,"Thornalley et al., 2010",-2303,,Northeast Atlantic
55,RAPiD-15-4P,4P-OS-75507483-484,62.29,62.293,-17.13,-17.134,13.566,0.201,12.1,0.045,1.303,0.197,"Thornalley et al., 2010",-2133,,Northeast Atlantic
56,RAPiD-15-4P,4P-SUERC485-486,62.29,62.293,-17.13,-17.134,13.614,0.101,11.793,0.049,0.891,0.122,"Thornalley et al., 2010",-2133,,Northeast Atlantic
57,MD95-2007,MD95-2007,57.5,57.5177,-8.4,-8.3862,13.74,0.138,12.63,0.1,0.712,0.16,"Austin et al., 2011",-158,1995/1/1,Northeast Atlantic
58,RAPiD-10-1P,1P-OS-75784148-149,62.98,62.9755,-17.59,-17.5895,13.75,0.251,12.9,0.06,0.325,0.238,"Thornalley et al., 2010",-1237,,Northeast Atlantic
59,NA87-22,NA87-22,55.5,55.5,-14.7,-14.5833,13.777,0.328,12.92,0.12,0.896,0.305,"Waelbroeck et al., 2019",-2161,,Northeast Atlantic
60,RAPiD-15-4P,4P-SUERC491-492,62.29,62.293,-17.13,-17.134,13.783,0.101,12.155,0.04,0.122,0.096,"Thornalley et al., 2010",-2133,,Northeast Atlantic
61,94-609,DSDP609,49.88,49.8778,-24.23,-24.2382,13.797,0.324,12.75,0.22,0.752,0.353,"Waelbroeck et al., 2019",-3884,1983/1/1,Northeast Atlantic
62,RAPiD-15-4P,4P-SUERC497-498,62.29,62.293,-17.13,-17.134,13.94,0.101,12.56,0.039,0.502,0.097,"Thornalley et al., 2010",-2133,,Northeast Atlantic
63,RAPiD-15-4P,4P-SUERC500-501,62.29,62.293,-17.13,-17.134,13.97,0.053,12.636,0.043,0.559,0.068,"Thornalley et al., 2010",-2133,,Northeast Atlantic
64,MD95-2007,MD95-2007,57.5,57.5177,-8.4,-8.3862,14.126,0.121,12.79,0.12,0.555,0.159,"Austin et al., 2011",-158,1995/1/1,Northeast Atlantic
65,NA87-22,NA87-22,55.5,55.5,-14.7,-14.5833,14.134,0.261,12.38,0.12,0.067,0.21,"Waelbroeck et al., 2019",-2161,,Northeast Atlantic
66,RAPiD-10-1P,1P-OS-75686154-155,62.98,62.9755,-17.59,-17.5895,14.23,0.201,12.7,0.055,0.484,0.134,"Thornalley et al., 2010",-1237,,Northeast Atlantic
67,RAPiD-15-4P,4P-SUERC507-508,62.29,62.293,-17.13,-17.134,14.263,0.101,12.487,0.043,0.124,0.087,"Thornalley et al., 2010",-2133,,Northeast Atlantic
68,RAPiD-17-5P,5P-OS-79027972-974,61.48,61.466,-19.54,-19.533,14.286,0.251,12.85,0.055,0.455,0.147,"Thornalley et al., 2010",-2303,,Northeast Atlantic
69,MD03-2697,MD03-2697,42.16,42.15,-9.7,-9.7,14.423,0.441,12.52,0.06,0.095,0.277,"Waelbroeck et al., 2019",-2164,,Northeast Atlantic
70,94-609,DSDP609,49.88,49.8778,-24.23,-24.2382,14.428,0.161,13.65,0.09,1.244,0.114,"Waelbroeck et al., 2019",-3884,1983/1/1,Northeast Atlantic
71,94-609,DSDP609,49.88,49.8778,-24.23,-24.2382,14.428,0.161,12.74,0.14,0.337,0.155,"Waelbroeck et al., 2019",-3884,1983/1/1,Northeast Atlantic
72,MD04-2829CQ,MD04-2829,58.9,58.9488,-9.6,-9.5717,14.54,0.2,12.686,0.15,0.253,0.167,this study,-1007,,Northeast Atlantic
73,RAPiD-10-1P,1P-SUERC160-161,62.98,62.9755,-17.59,-17.5895,14.55,0.102,12.914,0.044,1.953,0.062,"Thornalley et al., 2010",-1237,,Northeast Atlantic
74,MD99-2331,MD99-2331,42.15,42.15,-9.68,-9.6833,14.726,0.117,13.64,0.08,1.157,0.098,"Waelbroeck et al., 2019",-2120,1999/1/1,Northeast Atlantic
75,RAPiD-17-5P,5P-OS-79028977-978,61.48,61.466,-19.54,-19.533,14.789,0.251,13.45,0.06,0.96,0.138,"Thornalley et al., 2010",-2303,,Northeast Atlantic
76,MD04-2845,MD04-2845,45.35,45.3477,-5.22,-5.2195,14.815,0.134,13.89,0.1,1.372,0.119,"Waelbroeck et al., 2019",-4175,,Northeast Atlantic
77,RAPiD-15-4P,4P-SUERC515-516,62.29,62.293,-17.13,-17.134,14.822,0.251,14.281,0.044,1.783,0.136,"Thornalley et al., 2010",-2133,,Northeast Atlantic
78,MD95-2002,MD95-2002,47.45,47.452,-8.53,-8.5338,14.838,0.146,13.73,0.13,1.203,0.148,"Waelbroeck et al., 2019",-2174,1995/1/1,Northeast Atlantic
79,RAPiD-17-5P,5P-SUERC978-979,61.48,61.466,-19.54,-19.533,14.928,0.251,13.528,0.045,0.991,0.149,"Thornalley et al., 2010",-2303,,Northeast Atlantic
80,MD99-2331,MD99-2331,42.15,42.15,-9.68,-9.6833,14.955,0.186,13.81,0.08,1.25,0.141,"Waelbroeck et al., 2019",-2120,1999/1/1,Northeast Atlantic
81,NA87-22,NA87-22,55.5,55.5,-14.7,-14.5833,14.99,0.354,14.58,0.13,2.031,0.234,"Waelbroeck et al., 2019",-2161,,Northeast Atlantic
82,MD95-2002,MD95-2002,47.45,47.452,-8.53,-8.5338,15.037,0.188,14.2,0.11,1.598,0.169,"Waelbroeck et al., 2019",-2174,1995/1/1,Northeast Atlantic
83,MD01-2461,MD01-2461,51.75,51.7483,-12.92,-12.915,15.071,0.212,14.53,0.058,1.947,0.151,"Waelbroeck et al., 2019",-1153,2001/1/1,Northeast Atlantic
84,MD95-2002,MD95-2002,47.45,47.452,-8.53,-8.5338,15.091,0.202,14.42,0.12,1.784,0.184,"Waelbroeck et al., 2019",-2174,1995/1/1,Northeast Atlantic
85,RAPiD-10-1P,1P-SUERC192-193,62.98,62.9755,-17.59,-17.5895,15.097,0.202,13.479,0.047,0.537,0.144,"Thornalley et al., 2010",-1237,,Northeast Atlantic
86,MD01-2461,MD02-2461,51.75,51.7483,-12.92,-12.915,15.182,0.2,11.95,0.043,1.784,0.135,"Peck et al., 2006",-1153,2001/1/1,Northeast Atlantic
87,RAPiD-15-4P,4P-SUERC520-521,62.29,62.293,-17.13,-17.134,15.253,0.301,14.657,0.048,1.722,0.193,"Thornalley et al., 2010",-2133,,Northeast Atlantic
88,MD04-2845,MD04-2845,45.35,45.3477,-5.22,-5.2195,15.306,0.248,14.24,0.11,1.342,0.201,"Waelbroeck et al., 2019",-4175,,Northeast Atlantic
89,MD95-2002,MD95-2002,47.45,47.452,-8.53,-8.5338,15.369,0.281,14.57,0.13,1.647,0.23,"Waelbroeck et al., 2019",-2174,1995/1/1,Northeast Atlantic
90,DAPC2,DAPC2,58.97,59,-9.61,-9.6,15.379,0.2,13.41,0.13,0.494,0.192,"Knutz et al., 2007",-1709,,Northeast Atlantic
91,94-609,DSDP609,49.88,49.8778,-24.23,-24.2382,15.393,0.384,14.99,0.23,2.08,0.338,"Waelbroeck et al., 2019",-3884,1983/1/1,Northeast Atlantic
92,MD04-2829CQ,MD04-2829,58.9,58.9488,-9.6,-9.5717,15.4,0.2,14.468,0.15,1.546,0.204,this study,-1007,,Northeast Atlantic
93,MD04-2845,MD04-2845,45.35,45.3477,-5.22,-5.2195,15.533,0.316,14.45,0.11,1.465,0.246,"Waelbroeck et al., 2019",-4175,,Northeast Atlantic
94,RAPiD-17-5P,5P-OS-79029982-984,61.48,61.466,-19.54,-19.533,15.555,0.301,14.1,0.055,1.121,0.222,"Thornalley et al., 2010",-2303,,Northeast Atlantic
95,NA87-22,NA87-22,55.5,55.5,-14.7,-14.5833,15.598,0.444,15.66,0.12,2.654,0.324,"Waelbroeck et al., 2019",-2161,,Northeast Atlantic
96,MD95-2002,MD95-2002,47.45,47.452,-8.53,-8.5338,15.603,0.35,14.83,0.07,1.841,0.258,"Waelbroeck et al., 2019",-2174,1995/1/1,Northeast Atlantic
97,MD95-2002,MD95-2002,47.45,47.452,-8.53,-8.5338,15.778,0.391,14.81,0.2,1.683,0.339,"Waelbroeck et al., 2019",-2174,1995/1/1,Northeast Atlantic
98,RAPiD-10-1P,1P-SUERC248-249,62.98,62.9755,-17.59,-17.5895,15.85,0.5,14.95,0.049,0.629,0.346,"Thornalley et al., 2010",-1237,,Northeast Atlantic
99,MD99-2331,MD99-2331,42.15,42.15,-9.68,-9.6833,15.905,0.565,14.13,0.12,1.021,0.398,"Waelbroeck et al., 2019",-2120,1999/1/1,Northeast Atlantic
100,DAPC2,DAPC2,58.97,59,-9.61,-9.6,16.005,0.2,14.4,0.11,1.096,0.192,"Knutz et al., 2007",-1709,,Northeast Atlantic
101,RAPiD-17-5P,5P-SUERC986-987,61.48,61.466,-19.54,-19.533,16.039,0.301,15.087,0.05,1.758,0.222,"Thornalley et al., 2010",-2303,,Northeast Atlantic
102,MD99-2331,MD99-2331,42.15,42.15,-9.68,-9.6833,16.04,0.601,13.92,0.09,0.626,0.416,"Waelbroeck et al., 2019",-2120,1999/1/1,Northeast Atlantic
103,MD01-2461,MD01-2461,51.75,51.7483,-12.92,-12.915,16.111,0.526,15.118,0.064,1.775,0.367,"Waelbroeck et al., 2019",-1153,2001/1/1,Northeast Atlantic
104,DAPC2,DAPC2,58.97,59,-9.61,-9.6,16.148,0.2,14.9,0.11,1.486,0.193,"Knutz et al., 2007",-1709,,Northeast Atlantic
105,94-609,DSDP609,49.88,49.8778,-24.23,-24.2382,16.149,0.577,16.36,0.24,2.897,0.458,"Waelbroeck et al., 2019",-3884,1983/1/1,Northeast Atlantic
106,RAPiD-17-5P,5P-OS-79030988-989,61.48,61.466,-19.54,-19.533,16.317,0.301,15.3,0.065,1.682,0.225,"Thornalley et al., 2010",-2303,,Northeast Atlantic
107,DAPC2,DAPC2,58.97,59,-9.61,-9.6,16.41,0.2,15.33,0.1,1.692,0.18,"Knutz et al., 2007",-1709,,Northeast Atlantic
108,MD99-2331,MD99-2331,42.15,42.15,-9.68,-9.6833,16.437,0.702,13.93,0.08,0.159,0.503,"Waelbroeck et al., 2019",-2120,1999/1/1,Northeast Atlantic
109,NA87-22,NA87-22,55.5,55.5,-14.7,-14.5833,16.535,0.661,15.8,0.14,2.025,0.486,"Waelbroeck et al., 2019",-2161,,Northeast Atlantic
110,MD01-2461,MD02-2461,51.75,51.7483,-12.92,-12.915,16.547,0.2,14.53,0.058,1.4,0.128,"Peck et al., 2006",-1153,2001/1/1,Northeast Atlantic
111,DAPC2,DAPC2,58.97,59,-9.61,-9.6,16.563,0.2,15.39,0.13,1.659,0.19,"Knutz et al., 2007",-1709,,Northeast Atlantic
112,RAPiD-17-5P,5P-OS-79060990-993,61.48,61.466,-19.54,-19.533,16.728,0.351,15.75,0.06,1.916,0.25,"Thornalley et al., 2010",-2303,,Northeast Atlantic
113,MD99-2331,MD99-2331,42.15,42.15,-9.68,-9.6833,16.872,0.703,15.13,0.09,1.269,0.526,"Waelbroeck et al., 2019",-2120,1999/1/1,Northeast Atlantic
114,94-609,DSDP609,49.88,49.8778,-24.23,-24.2382,16.899,0.796,16.76,0.15,2.857,0.609,"Waelbroeck et al., 2019",-3884,1983/1/1,Northeast Atlantic
115,MD01-2461,MD01-2461,51.75,51.7483,-12.92,-12.915,16.97,0.787,15.518,0.063,1.656,0.586,"Waelbroeck et al., 2019",-1153,2001/1/1,Northeast Atlantic
116,DAPC2,DAPC2,58.97,59,-9.61,-9.6,16.996,0.2,15.4,0.17,1.406,0.22,"Knutz et al., 2007",-1709,,Northeast Atlantic
117,DAPC2,DAPC2,58.97,59,-9.61,-9.6,17.155,0.2,15.56,0.14,1.45,0.203,"Knutz et al., 2007",-1709,,Northeast Atlantic
118,NA87-22,NA87-22,55.5,55.5,-14.7,-14.5833,17.163,0.832,16.7,0.14,2.652,0.658,"Waelbroeck et al., 2019",-2161,,Northeast Atlantic
119,MD99-2331,MD99-2331,42.15,42.15,-9.68,-9.6833,17.264,0.582,15.06,0.09,0.9,0.448,"Waelbroeck et al., 2019",-2120,1999/1/1,Northeast Atlantic
120,MD95-2002,MD95-2002,47.45,47.452,-8.53,-8.5338,17.473,0.23,15.3,0.07,1.025,0.199,"Waelbroeck et al., 2019",-2174,1995/1/1,Northeast Atlantic
121,MD95-2002,MD95-2002,47.45,47.452,-8.53,-8.5338,17.519,0.234,15.28,0.16,0.909,0.25,"Waelbroeck et al., 2019",-2174,1995/1/1,Northeast Atlantic
122,MD01-2461,MD02-2461,51.75,51.7483,-12.92,-12.915,17.52,0.2,15.118,0.064,1.14,0.145,"Peck et al., 2006",-1153,2001/1/1,Northeast Atlantic
123,GIK23415-9,GIK23415-9,53.18,53.1783,-19.15,-19.145,17.651,1.013,15.81,0.1,1.624,0.817,"Waelbroeck et al., 2019",-2472,1991/1/1,Northeast Atlantic
124,MD99-2331,MD99-2331,42.15,42.15,-9.68,-9.6833,17.704,0.336,15.54,0.09,1.009,0.29,"Waelbroeck et al., 2019",-2120,1999/1/1,Northeast Atlantic
125,MD01-2461,MD01-2461,51.75,51.7483,-12.92,-12.915,17.706,0.99,15.174,0.06,0.983,0.765,"Waelbroeck et al., 2019",-1153,2001/1/1,Northeast Atlantic
126,MD04-2829CQ,MD04-2829,58.9,58.9488,-9.6,-9.5717,17.82,0.2,16.559,0.15,1.948,0.236,this study,-1007,,Northeast Atlantic
127,RAPiD-17-5P,5P-SUERC1004-1005,61.48,61.466,-19.54,-19.533,17.932,0.401,16.207,0.053,1.275,0.345,"Thornalley et al., 2010",-2303,,Northeast Atlantic
128,DAPC2,DAPC2,58.97,59,-9.61,-9.6,18.038,0.2,16.43,0.13,1.551,0.222,"Knutz et al., 2007",-1709,,Northeast Atlantic
129,RAPiD-17-5P,5P-OS-790611005-1007,61.48,61.466,-19.54,-19.533,18.05,0.401,16.35,0.065,1.403,0.361,"Thornalley et al., 2010",-2303,,Northeast Atlantic
130,MD99-2331,MD99-2331,42.15,42.15,-9.68,-9.6833,18.177,0.362,16.17,0.13,1.184,0.356,"Waelbroeck et al., 2019",-2120,1999/1/1,Northeast Atlantic
131,NA87-22,NA87-22,55.5,55.5,-14.7,-14.5833,18.412,1.073,17.59,0.14,2.536,0.885,"Waelbroeck et al., 2019",-2161,,Northeast Atlantic
132,MD04-2829CQ,MD04-2829,58.9,58.9488,-9.6,-9.5717,18.485,0.2,16.603,0.15,1.399,0.243,"Hall et al., 2011",-1007,,Northeast Atlantic
133,MD01-2461,MD01-2461,51.75,51.7483,-12.92,-12.915,18.772,1.143,17.13,0.077,1.172,0.939,"Waelbroeck et al., 2019",-1153,2001/1/1,Northeast Atlantic
134,94-609,DSDP609,49.88,49.8778,-24.23,-24.2382,18.892,1.357,17.36,0.12,1.402,1.087,"Waelbroeck et al., 2019",-3884,1983/1/1,Northeast Atlantic
135,MD04-2829CQ,MD04-2829,58.9,58.9488,-9.6,-9.5717,19.381,0.2,17.197,0.15,1.155,0.223,"Hall et al., 2011",-1007,,Northeast Atlantic
136,MD01-2461,MD02-2461,51.75,51.7483,-12.92,-12.915,19.427,0.2,15.518,0.063,1.044,0.153,"Peck et al., 2006",-1153,2001/1/1,Northeast Atlantic
137,DAPC2,DAPC2,58.97,59,-9.61,-9.6,19.533,0.2,17.31,0.13,1.149,0.212,"Knutz et al., 2007",-1709,,Northeast Atlantic
138,NA87-22,NA87-22,55.5,55.5,-14.7,-14.5833,19.644,1.071,18.11,0.18,1.739,0.905,"Waelbroeck et al., 2019",-2161,,Northeast Atlantic
139,SU92-03,SU92-03,43.2,43.1958,-10.11,-10.113,19.889,0.755,16.78,0.12,0.355,0.637,"Waelbroeck et al., 2019",-3005,,Northeast Atlantic
140,MD01-2461,MD01-2461,51.75,51.7483,-12.92,-12.915,20.012,1.062,18.233,0.087,1.41,0.871,"Waelbroeck et al., 2019",-1153,2001/1/1,Northeast Atlantic
141,DAPC2,DAPC2,58.97,59,-9.61,-9.6,20.177,0.2,17.87,0.13,1.115,0.218,"Knutz et al., 2007",-1709,,Northeast Atlantic
142,GIK23415-9,GIK23415-9,53.18,53.1783,-19.15,-19.145,20.184,1.061,17.88,0.12,1.042,0.88,"Waelbroeck et al., 2019",-2472,1991/1/1,Northeast Atlantic
143,MD01-2461,MD02-2461,51.75,51.7483,-12.92,-12.915,20.254,0.2,15.174,0.06,1.434,0.162,"Peck et al., 2006",-1153,2001/1/1,Northeast Atlantic
144,MD04-2829CQ,MD04-2829,58.9,58.9488,-9.6,-9.5717,20.298,0.2,17.921,0.15,1.087,0.23,"Hall et al., 2011",-1007,,Northeast Atlantic
145,MD04-2845,MD04-2845,45.35,45.3477,-5.22,-5.2195,20.308,0.745,17.29,0.15,0.427,0.605,"Waelbroeck et al., 2019",-4175,,Northeast Atlantic
146,94-609,DSDP609,49.88,49.8778,-24.23,-24.2382,20.626,1.649,19.34,0.22,1.803,1.409,"Waelbroeck et al., 2019",-3884,1983/1/1,Northeast Atlantic
147,MD01-2461,MD01-2461,51.75,51.7483,-12.92,-12.915,20.709,0.918,18.665,0.089,1.127,0.708,"Waelbroeck et al., 2019",-1153,2001/1/1,Northeast Atlantic
148,NA87-22,NA87-22,55.5,55.5,-14.7,-14.5833,20.85,0.818,19.31,0.27,1.893,0.711,"Waelbroeck et al., 2019",-2161,,Northeast Atlantic
149,MD04-2829CQ,MD04-2829,58.9,58.9488,-9.6,-9.5717,20.921,0.2,18.619,0.15,1.266,0.219,"Hall et al., 2011",-1007,,Northeast Atlantic
150,MD01-2461,MD02-2461,51.75,51.7483,-12.92,-12.915,20.939,0.2,17.13,0.077,1.301,0.155,"Peck et al., 2006",-1153,2001/1/1,Northeast Atlantic
151,RAPiD-17-5P,5P-SUERC1048-1049,61.48,61.466,-19.54,-19.533,21.373,0.701,18.321,0.063,0.718,0.584,"Thornalley et al., 2010",-2303,,Northeast Atlantic
152,MD01-2461,MD01-2461,51.75,51.7483,-12.92,-12.915,21.536,0.724,19.128,0.094,1.452,0.608,"Waelbroeck et al., 2019",-1153,2001/1/1,Northeast Atlantic
153,NA87-22,NA87-22,55.5,55.5,-14.7,-14.5833,21.757,0.598,20.16,0.23,2.238,0.548,"Waelbroeck et al., 2019",-2161,,Northeast Atlantic
154,MD01-2461,MD02-2461,51.75,51.7483,-12.92,-12.915,21.784,0.2,18.233,0.087,1.155,0.171,"Peck et al., 2006",-1153,2001/1/1,Northeast Atlantic
155,94-609,DSDP609,49.88,49.8778,-24.23,-24.2382,21.88,1.639,20.37,0.33,2.502,1.383,"Waelbroeck et al., 2019",-3884,1983/1/1,Northeast Atlantic
156,GIK23415-9,GIK23415-9,53.18,53.1783,-19.15,-19.145,21.919,0.711,19.84,0.16,1.648,0.609,"Waelbroeck et al., 2019",-2472,1991/1/1,Northeast Atlantic
157,94-609,DSDP609,49.88,49.8778,-24.23,-24.2382,22.126,1.619,20.95,0.26,2.986,1.351,"Waelbroeck et al., 2019",-3884,1983/1/1,Northeast Atlantic
158,MD95-2002,MD95-2002,47.45,47.452,-8.53,-8.5338,22.295,0.402,18.85,0.09,0.568,0.376,"Waelbroeck et al., 2019",-2174,1995/1/1,Northeast Atlantic
159,94-609,DSDP609,49.88,49.8778,-24.23,-24.2382,22.373,1.591,21.51,0.22,2.379,1.332,"Waelbroeck et al., 2019",-3884,1983/1/1,Northeast Atlantic
160,DAPC2,DAPC2,58.97,59,-9.61,-9.6,22.424,0.2,19.73,0.14,1.273,0.254,"Knutz et al., 2007",-1709,,Northeast Atlantic
161,MD95-2002,MD95-2002,47.45,47.452,-8.53,-8.5338,22.505,0.361,19.43,0.1,0.589,0.348,"Waelbroeck et al., 2019",-2174,1995/1/1,Northeast Atlantic
162,MD99-2331,MD99-2331,42.15,42.15,-9.68,-9.6833,22.625,0.376,19.77,0.17,0.9,0.383,"Waelbroeck et al., 2019",-2120,1999/1/1,Northeast Atlantic
163,MD95-2002,MD95-2002,47.45,47.452,-8.53,-8.5338,22.823,0.322,20.148,0.07,1.245,0.309,"Waelbroeck et al., 2019",-2174,1995/1/1,Northeast Atlantic
164,MD99-2331,MD99-2331,42.15,42.15,-9.68,-9.6833,22.953,0.348,22.29,0.17,3.209,0.357,"Waelbroeck et al., 2019",-2120,1999/1/1,Northeast Atlantic
165,MD01-2461,MD01-2461,51.75,51.7483,-12.92,-12.915,22.957,0.496,20.193,0.118,0.97,0.455,"Waelbroeck et al., 2019",-1153,2001/1/1,Northeast Atlantic
166,DAPC2,DAPC2,58.97,59,-9.61,-9.6,22.974,0.2,20.28,0.15,1.193,0.232,"Knutz et al., 2007",-1709,,Northeast Atlantic
167,MD04-2829CQ,MD04-2829,58.9,58.9488,-9.6,-9.5717,22.987,0.2,20.385,0.15,1.283,0.232,"Hall et al., 2011",-1007,,Northeast Atlantic
168,MD99-2331,MD99-2331,42.15,42.15,-9.68,-9.6833,23.035,0.344,20.86,0.25,1.709,0.389,"Waelbroeck et al., 2019",-2120,1999/1/1,Northeast Atlantic
169,MD95-2002,MD95-2002,47.45,47.452,-8.53,-8.5338,23.039,0.305,20.62,0.08,1.384,0.277,"Waelbroeck et al., 2019",-2174,1995/1/1,Northeast Atlantic
170,MD01-2461,MD02-2461,51.75,51.7483,-12.92,-12.915,23.109,0.2,18.665,0.089,0.986,0.185,"Peck et al., 2006",-1153,2001/1/1,Northeast Atlantic
171,94-609,DSDP609,49.88,49.8778,-24.23,-24.2382,23.112,1.464,21.77,0.22,2.459,1.28,"Waelbroeck et al., 2019",-3884,1983/1/1,Northeast Atlantic
172,MD99-2331,MD99-2331,42.15,42.15,-9.68,-9.6833,23.119,0.34,20.55,0.24,1.333,0.375,"Waelbroeck et al., 2019",-2120,1999/1/1,Northeast Atlantic
173,MD99-2331,MD99-2331,42.15,42.15,-9.68,-9.6833,23.237,0.331,20.46,0.14,1.161,0.311,"Waelbroeck et al., 2019",-2120,1999/1/1,Northeast Atlantic
174,DAPC2,DAPC2,58.97,59,-9.61,-9.6,23.32,0.2,20.45,0.17,1.102,0.243,"Knutz et al., 2007",-1709,,Northeast Atlantic
175,MD04-2829CQ,MD04-2829,58.9,58.9488,-9.6,-9.5717,23.4,0.2,20.665,0.15,1.262,0.232,"Hall et al., 2011",-1007,,Northeast Atlantic
176,MD99-2331,MD99-2331,42.15,42.15,-9.68,-9.6833,23.46,0.303,21.62,0.16,2.167,0.306,"Waelbroeck et al., 2019",-2120,1999/1/1,Northeast Atlantic
177,MD04-2845,MD04-2845,45.35,45.3477,-5.22,-5.2195,23.468,0.258,20.82,0.14,1.36,0.264,"Waelbroeck et al., 2019",-4175,,Northeast Atlantic
178,MD95-2002,MD95-2002,47.45,47.452,-8.53,-8.5338,23.493,0.29,20.24,0.06,0.86,0.261,"Waelbroeck et al., 2019",-2174,1995/1/1,Northeast Atlantic
179,MD99-2331,MD99-2331,42.15,42.15,-9.68,-9.6833,23.514,0.296,21.74,0.16,2.224,0.302,"Waelbroeck et al., 2019",-2120,1999/1/1,Northeast Atlantic
180,MD99-2331,MD99-2331,42.15,42.15,-9.68,-9.6833,23.636,0.281,22.69,0.18,3.055,0.308,"Waelbroeck et al., 2019",-2120,1999/1/1,Northeast Atlantic
181,MD99-2331,MD99-2331,42.15,42.15,-9.68,-9.6833,23.758,0.271,22.15,0.17,2.422,0.301,"Waelbroeck et al., 2019",-2120,1999/1/1,Northeast Atlantic
182,NA87-22,NA87-22,55.5,55.5,-14.7,-14.5833,23.795,0.587,20.77,0.21,1.026,0.524,"Waelbroeck et al., 2019",-2161,,Northeast Atlantic
183,MD04-2845,MD04-2845,45.35,45.3477,-5.22,-5.2195,23.822,0.257,21.11,0.14,1.342,0.278,"Waelbroeck et al., 2019",-4175,,Northeast Atlantic
184,94-609,DSDP609,49.88,49.8778,-24.23,-24.2382,23.841,1.304,22.78,0.34,2.433,1.201,"Waelbroeck et al., 2019",-3884,1983/1/1,Northeast Atlantic
185,DAPC2,DAPC2,58.97,59,-9.61,-9.6,23.93,0.2,21.41,0.2,1.534,0.277,"Knutz et al., 2007",-1709,,Northeast Atlantic
186,MD99-2331,MD99-2331,42.15,42.15,-9.68,-9.6833,24.016,0.287,22.44,0.17,2.475,0.316,"Waelbroeck et al., 2019",-2120,1999/1/1,Northeast Atlantic
187,MD01-2461,MD02-2461,51.75,51.7483,-12.92,-12.915,24.082,0.2,19.128,0.094,0.901,0.204,"Peck et al., 2006",-1153,2001/1/1,Northeast Atlantic
188,MD95-2002,MD95-2002,47.45,47.452,-8.53,-8.5338,24.085,0.345,20.43,0.08,0.335,0.313,"Waelbroeck et al., 2019",-2174,1995/1/1,Northeast Atlantic
189,MD99-2331,MD99-2331,42.15,42.15,-9.68,-9.6833,24.119,0.295,22.43,0.18,2.355,0.323,"Waelbroeck et al., 2019",-2120,1999/1/1,Northeast Atlantic
190,MD01-2461,MD01-2461,51.75,51.7483,-12.92,-12.915,24.175,0.411,20.931,0.129,0.785,0.362,"Waelbroeck et al., 2019",-1153,2001/1/1,Northeast Atlantic
191,MD95-2002,MD95-2002,47.45,47.452,-8.53,-8.5338,24.318,0.351,20.6,0.08,0.382,0.294,"Waelbroeck et al., 2019",-2174,1995/1/1,Northeast Atlantic
192,MD99-2331,MD99-2331,42.15,42.15,-9.68,-9.6833,24.417,0.273,23.08,0.19,2.703,0.296,"Waelbroeck et al., 2019",-2120,1999/1/1,Northeast Atlantic
193,NA87-22,NA87-22,55.5,55.5,-14.7,-14.5833,24.837,0.742,21.42,0.23,0.799,0.715,"Waelbroeck et al., 2019",-2161,,Northeast Atlantic
194,GIK23415-9,GIK23415-9,53.18,53.1783,-19.15,-19.145,24.894,0.755,21.31,0.2,0.682,0.72,"Waelbroeck et al., 2019",-2472,1991/1/1,Northeast Atlantic
195,MD99-2331,MD99-2331,42.15,42.15,-9.68,-9.6833,24.966,0.346,24.14,0.21,3.468,0.341,"Waelbroeck et al., 2019",-2120,1999/1/1,Northeast Atlantic
196,MD01-2461,MD02-2461,51.75,51.7483,-12.92,-12.915,24.988,0.2,20.193,0.118,0.871,0.177,"Peck et al., 2006",-1153,2001/1/1,Northeast Atlantic
197,DAPC2,DAPC2,58.97,59,-9.61,-9.6,25.015,0.2,21.86,0.19,1.157,0.245,"Knutz et al., 2007",-1709,,Northeast Atlantic
198,MD01-2461,MD01-2461,51.75,51.7483,-12.92,-12.915,25.041,0.419,21.565,0.128,0.909,0.379,"Waelbroeck et al., 2019",-1153,2001/1/1,Northeast Atlantic
199,MD04-2829CQ,MD04-2829,58.9,58.9488,-9.6,-9.5717,25.172,0.2,22.292,0.15,1.475,0.232,"Hall et al., 2011",-1007,,Northeast Atlantic
200,MD04-2845,MD04-2845,45.35,45.3477,-5.22,-5.2195,25.466,0.338,22.26,0.16,1.169,0.388,"Waelbroeck et al., 2019",-4175,,Northeast Atlantic
201,DAPC2,DAPC2,58.97,59,-9.61,-9.6,25.647,0.2,23.66,0.21,2.381,0.321,"Knutz et al., 2007",-1709,,Northeast Atlantic
202,MD01-2461,MD02-2461,51.75,51.7483,-12.92,-12.915,25.743,0.2,20.931,0.129,0.818,0.252,"Peck et al., 2006",-1153,2001/1/1,Northeast Atlantic
203,MD01-2461,MD01-2461,51.75,51.7483,-12.92,-12.915,25.821,0.459,22.234,0.147,0.948,0.485,"Waelbroeck et al., 2019",-1153,2001/1/1,Northeast Atlantic
204,MD04-2845,MD04-2845,45.35,45.3477,-5.22,-5.2195,26.011,0.385,22.55,0.17,0.52,0.438,"Waelbroeck et al., 2019",-4175,,Northeast Atlantic
205,DAPC2,DAPC2,58.97,59,-9.61,-9.6,26.271,0.2,23.95,0.22,1.846,0.303,"Knutz et al., 2007",-1709,,Northeast Atlantic
206,NA87-22,NA87-22,55.5,55.5,-14.7,-14.5833,26.421,0.884,23.78,0.27,1.419,0.962,"Waelbroeck et al., 2019",-2161,,Northeast Atlantic
207,MD99-2331,MD99-2331,42.15,42.15,-9.68,-9.6833,26.512,0.601,25.88,0.25,3.523,0.689,"Waelbroeck et al., 2019",-2120,1999/1/1,Northeast Atlantic
208,MD99-2331,MD99-2331,42.15,42.15,-9.68,-9.6833,26.512,0.601,25.14,0.23,2.778,0.683,"Waelbroeck et al., 2019",-2120,1999/1/1,Northeast Atlantic
209,RAPiD-17-5P,5P-SUERC1103-1104,61.48,61.466,-19.54,-19.533,27.31,0.255,23.86,0.107,0.979,0.355,"Thornalley et al., 2010",-2303,,Northeast Atlantic
210,MD99-2331,MD99-2331,42.15,42.15,-9.68,-9.6833,27.331,0.708,26.31,0.26,3.683,0.793,"Waelbroeck et al., 2019",-2120,1999/1/1,Northeast Atlantic
211,NA87-22,NA87-22,55.5,55.5,-14.7,-14.5833,27.353,0.752,24.73,0.31,2.075,0.855,"Waelbroeck et al., 2019",-2161,,Northeast Atlantic
212,NA87-22,NA87-22,55.5,55.5,-14.7,-14.5833,27.353,0.752,23.62,0.3,0.973,0.852,"Waelbroeck et al., 2019",-2161,,Northeast Atlantic
213,MD01-2461,MD01-2461,51.75,51.7483,-12.92,-12.915,27.354,0.363,24.074,0.168,1.239,0.477,"Waelbroeck et al., 2019",-1153,2001/1/1,Northeast Atlantic
214,MD04-2845,MD04-2845,45.35,45.3477,-5.22,-5.2195,27.62,0.384,24.45,0.21,1.073,0.52,"Waelbroeck et al., 2019",-4175,,Northeast Atlantic
215,MD04-2845,MD04-2845,45.35,45.3477,-5.22,-5.2195,27.907,0.36,25.08,0.23,1.041,0.501,"Waelbroeck et al., 2019",-4175,,Northeast Atlantic
216,MD04-2829CQ,MD04-2829,58.9,58.9488,-9.6,-9.5717,27.922,0.2,24.688,0.15,0.692,0.303,"Hall et al., 2011",-1007,,Northeast Atlantic
217,NA87-22,NA87-22,55.5,55.5,-14.7,-14.5833,28,0.536,26.35,0.33,2.229,0.704,"Waelbroeck et al., 2019",-2161,,Northeast Atlantic
218,MD99-2331,MD99-2331,42.15,42.15,-9.68,-9.6833,28.103,0.763,24.39,0.21,0.203,0.833,"Waelbroeck et al., 2019",-2120,1999/1/1,Northeast Atlantic
219,MD95-2002,MD95-2002,47.45,47.452,-8.53,-8.5338,28.165,0.343,24.41,0.25,0.242,0.466,"Waelbroeck et al., 2019",-2174,1995/1/1,Northeast Atlantic
220,MD04-2845,MD04-2845,45.35,45.3477,-5.22,-5.2195,28.18,0.334,25.03,0.23,0.855,0.446,"Waelbroeck et al., 2019",-4175,,Northeast Atlantic
221,94-609,DSDP609,49.88,49.8778,-24.23,-24.2382,28.24,0.436,25.66,0.44,1.42,0.652,"Waelbroeck et al., 2019",-3884,1983/1/1,Northeast Atlantic
222,MD01-2461,MD01-2461,51.75,51.7483,-12.92,-12.915,28.462,0.371,25.312,0.195,0.988,0.426,"Waelbroeck et al., 2019",-1153,2001/1/1,Northeast Atlantic
223,SU92-03,SU92-03,43.2,43.1958,-10.11,-10.113,28.593,0.428,24.8,0.12,0.472,0.438,"Waelbroeck et al., 2019",-3005,,Northeast Atlantic
224,MD04-2845,MD04-2845,45.35,45.3477,-5.22,-5.2195,28.727,0.389,25.63,0.24,0.826,0.449,"Waelbroeck et al., 2019",-4175,,Northeast Atlantic
225,MD99-2331,MD99-2331,42.15,42.15,-9.68,-9.6833,28.894,0.8,25.87,0.25,0.788,0.805,"Waelbroeck et al., 2019",-2120,1999/1/1,Northeast Atlantic
226,MD04-2845,MD04-2845,45.35,45.3477,-5.22,-5.2195,28.957,0.399,25.27,0.24,0.256,0.456,"Waelbroeck et al., 2019",-4175,,Northeast Atlantic
227,MD04-2829CQ,MD04-2829,58.9,58.9488,-9.6,-9.5717,28.982,0.2,26.045,0.15,1.043,0.259,"Hall et al., 2011",-1007,,Northeast Atlantic
228,PS2644-5,PS2644-5,67.867,67.8667,-21.765,-21.765,29.05,0.462,25.7,0.3,0.621,0.525,"Waelbroeck et al., 2019",-777,1994/1/1,Northeast Atlantic
229,94-609,DSDP609,49.88,49.8778,-24.23,-24.2382,29.288,0.539,26.57,0.31,1.284,0.564,"Waelbroeck et al., 2019",-3884,1983/1/1,Northeast Atlantic
230,MD99-2331,MD99-2331,42.15,42.15,-9.68,-9.6833,29.324,0.818,26.05,0.28,0.513,0.834,"Waelbroeck et al., 2019",-2120,1999/1/1,Northeast Atlantic
231,MD95-2002,MD95-2002,47.45,47.452,-8.53,-8.5338,29.341,0.399,25.82,0.23,0.551,0.421,"Waelbroeck et al., 2019",-2174,1995/1/1,Northeast Atlantic
232,MD01-2461,MD01-2461,51.75,51.7483,-12.92,-12.915,29.363,0.499,25.863,0.208,0.587,0.479,"Waelbroeck et al., 2019",-1153,2001/1/1,Northeast Atlantic
233,MD01-2461,MD01-2461,51.75,51.7483,-12.92,-12.915,29.696,0.479,25.928,0.209,0.222,0.441,"Waelbroeck et al., 2019",-1153,2001/1/1,Northeast Atlantic
234,MD99-2331,MD99-2331,42.15,42.15,-9.68,-9.6833,29.769,0.82,26.37,0.26,0.599,0.925,"Waelbroeck et al., 2019",-2120,1999/1/1,Northeast Atlantic
235,PS2644-5,PS2644-5,67.867,67.8667,-21.765,-21.765,29.888,0.503,27.55,0.91,1.819,0.991,"Waelbroeck et al., 2019",-777,1994/1/1,Northeast Atlantic
0,MD99-2334,MD99-2334,38,37.8012,-10,-10.1713,0.251,0.2,0.723,0.15,0.533,0.025,"Freeman et al., 2016",-3166,1999/1/1,Iberian Margin
1,MD99-2334,MD99-2334,38,37.8012,-10,-10.1713,3.707,0.081,3.95,0.06,0.489,0.087,"Freeman et al., 2016",-3166,1999/1/1,Iberian Margin
2,MD99-2334,MD99-2334,38,37.8012,-10,-10.1713,8.421,0.028,8.139,0.037,0.475,0.063,"Freeman et al., 2016",-3166,1999/1/1,Iberian Margin
3,SHAK10-10K,SHAK-10-10K,37.8,37.8333,-9.5,-9.5108,11.59,0.2,10.811,0.15,0.754,0.181,"Freeman et al., 2016",-1127,,Iberian Margin
4,SHAK14-4G,SHAK-14-4G,38,37.836,-9.7,-9.7193,11.59,0.2,10.72,0.15,0.663,0.181,"Freeman et al., 2016",-2063,,Iberian Margin
5,SHAK03-6K,SHAK-3-6K,37.7,37.7075,-10.5,-10.4924,11.59,0.2,10.777,0.15,0.721,0.181,"Freeman et al., 2016",-3729,,Iberian Margin
6,MD99-2334,MD99-2334,38,37.8012,-10,-10.1713,11.69,0.2,10.248,0.15,0.154,0.176,"Freeman et al., 2016",-3166,1999/1/1,Iberian Margin
7,MD99-2334,MD99-2334,38,37.8012,-10,-10.1713,12.84,0.2,11.11,0.15,0.08,0.277,"Freeman et al., 2016",-3166,1999/1/1,Iberian Margin
8,SHAK10-10K,SHAK-10-10K,37.8,37.8333,-9.5,-9.5108,12.868,0.2,11.554,0.15,0.514,0.278,"Freeman et al., 2016",-1127,,Iberian Margin
9,SHAK14-4G,SHAK-14-4G,38,37.836,-9.7,-9.7193,12.868,0.2,11.514,0.15,0.474,0.278,"Freeman et al., 2016",-2063,,Iberian Margin
10,SHAK03-6K,SHAK-3-6K,37.7,37.7075,-10.5,-10.4924,12.868,0.2,11.547,0.15,0.507,0.278,"Freeman et al., 2016",-3729,,Iberian Margin
11,SHAK05-3K,SHAK-5-3K,37.6,37.6,-9.7,-10.69,12.868,0.2,11.344,0.15,0.304,0.278,"Freeman et al., 2016",-4670,,Iberian Margin
12,MD99-2334,MD99-2334,38,37.8012,-10,-10.1713,14.034,0.2,12.505,0.15,0.355,0.215,"Freeman et al., 2016",-3166,1999/1/1,Iberian Margin
13,SHAK14-4G,SHAK-14-4G,38,37.836,-9.7,-9.7193,14.034,0.2,12.567,0.15,0.417,0.215,"Freeman et al., 2016",-2063,,Iberian Margin
14,SHAK03-6K,SHAK-3-6K,37.7,37.7075,-10.5,-10.4924,14.034,0.2,12.744,0.15,0.594,0.215,"Freeman et al., 2016",-3729,,Iberian Margin
15,SHAK05-3K,SHAK-5-3K,37.6,37.6,-9.7,-10.69,14.034,0.2,12.382,0.15,0.232,0.215,"Freeman et al., 2016",-4670,,Iberian Margin
16,MD99-2334,MD99-2334,38,37.8012,-10,-10.1713,14.649,0.2,12.995,0.15,0.532,0.168,"Freeman et al., 2016",-3166,1999/1/1,Iberian Margin
17,SHAK14-4G,SHAK-14-4G,38,37.836,-9.7,-9.7193,14.649,0.2,13.264,0.15,0.801,0.168,"Freeman et al., 2016",-2063,,Iberian Margin
18,SHAK03-6K,SHAK-3-6K,37.7,37.7075,-10.5,-10.4924,14.649,0.2,13.238,0.15,0.775,0.168,"Freeman et al., 2016",-3729,,Iberian Margin
19,SHAK05-3K,SHAK-5-3K,37.6,37.6,-9.7,-10.69,14.649,0.2,12.988,0.15,0.525,0.168,"Freeman et al., 2016",-4670,,Iberian Margin
20,MD99-2334,MD99-2334,38,37.8012,-10,-10.1713,15.947,0.2,14.419,0.15,1.156,0.214,"Freeman et al., 2016",-3166,1999/1/1,Iberian Margin
21,SHAK10-10K,SHAK-10-10K,37.8,37.8333,-9.5,-9.5108,15.947,0.2,14.33,0.15,1.067,0.214,"Freeman et al., 2016",-1127,,Iberian Margin
22,SHAK14-4G,SHAK-14-4G,38,37.836,-9.7,-9.7193,15.947,0.2,14.2,0.15,0.937,0.214,"Freeman et al., 2016",-2063,,Iberian Margin
23,SHAK03-6K,SHAK-3-6K,37.7,37.7075,-10.5,-10.4924,15.947,0.2,14.172,0.15,0.909,0.214,"Freeman et al., 2016",-3729,,Iberian Margin
24,SHAK05-3K,SHAK-5-3K,37.6,37.6,-9.7,-10.69,15.947,0.2,14,0.15,0.737,0.214,"Freeman et al., 2016",-4670,,Iberian Margin
25,MD99-2334,MD99-2334,38,37.8012,-10,-10.1713,17.42,0.2,15.093,0.15,0.81,0.219,"Freeman et al., 2016",-3166,1999/1/1,Iberian Margin
26,SHAK10-10K,SHAK-10-10K,37.8,37.8333,-9.5,-9.5108,17.42,0.2,15.067,0.15,0.784,0.219,"Freeman et al., 2016",-1127,,Iberian Margin
27,SHAK14-4G,SHAK-14-4G,38,37.836,-9.7,-9.7193,17.42,0.2,15.134,0.15,0.851,0.219,"Freeman et al., 2016",-2063,,Iberian Margin
28,SHAK03-6K,SHAK-3-6K,37.7,37.7075,-10.5,-10.4924,17.42,0.2,14.584,0.15,0.301,0.219,"Freeman et al., 2016",-3729,,Iberian Margin
29,MD99-2334,MD99-2334,38,37.8012,-10,-10.1713,20.262,0.2,17.765,0.15,0.955,0.23,"Freeman et al., 2016",-3166,1999/1/1,Iberian Margin
30,SHAK10-10K,SHAK-10-10K,37.8,37.8333,-9.5,-9.5108,20.262,0.2,17.81,0.15,1,0.23,"Freeman et al., 2016",-1127,,Iberian Margin
31,SHAK14-4G,SHAK-14-4G,38,37.836,-9.7,-9.7193,20.262,0.2,17.514,0.15,0.704,0.23,"Freeman et al., 2016",-2063,,Iberian Margin
32,SHAK03-6K,SHAK-3-6K,37.7,37.7075,-10.5,-10.4924,20.262,0.2,17.404,0.15,0.594,0.23,"Freeman et al., 2016",-3729,,Iberian Margin
33,SHAK05-3K,SHAK-5-3K,37.6,37.6,-9.7,-10.69,20.262,0.2,17.787,0.15,0.977,0.23,"Freeman et al., 2016",-4670,,Iberian Margin
34,MD99-2334,MD99-2334,38,37.8012,-10,-10.1713,21.783,0.2,19.17,0.15,1.213,0.228,"Freeman et al., 2016",-3166,1999/1/1,Iberian Margin
35,SHAK14-4G,SHAK-14-4G,38,37.836,-9.7,-9.7193,21.783,0.2,18.817,0.15,0.86,0.228,"Freeman et al., 2016",-2063,,Iberian Margin
36,SHAK03-6K,SHAK-3-6K,37.7,37.7075,-10.5,-10.4924,21.783,0.2,18.782,0.15,0.825,0.228,"Freeman et al., 2016",-3729,,Iberian Margin
37,SHAK05-3K,SHAK-5-3K,37.6,37.6,-9.7,-10.69,21.783,0.2,18.864,0.15,0.907,0.228,"Freeman et al., 2016",-4670,,Iberian Margin
38,MD99-2334,MD99-2334,38,37.8012,-10,-10.1713,23.41,0.2,20.725,0.15,1.314,0.232,"Freeman et al., 2016",-3166,1999/1/1,Iberian Margin
39,SHAK03-6K,SHAK-3-6K,37.7,37.7075,-10.5,-10.4924,23.41,0.2,20.196,0.15,0.785,0.232,"Freeman et al., 2016",-3729,,Iberian Margin
40,MD99-2334,MD99-2334,38,37.8012,-10,-10.1713,24.298,0.2,21.1,0.15,0.872,0.245,"Freeman et al., 2016",-3166,1999/1/1,Iberian Margin
41,SHAK03-6K,SHAK-3-6K,37.7,37.7075,-10.5,-10.4924,24.298,0.2,20.742,0.15,0.514,0.245,"Freeman et al., 2016",-3729,,Iberian Margin
42,MD99-2334,MD99-2334,38,37.8012,-10,-10.1713,25.725,0.2,22.293,0.15,0.935,0.296,"Freeman et al., 2016",-3166,1999/1/1,Iberian Margin
