id,cal_age,cal_sigma,rad_res,rad_res_sd,mid1,mid2,wmn,med,mode,mid1_resage,mid2_resage,wmn_resage,med_resage,mode_resage,Latitude,Longitude,group
DrakePCoral,66,11,870,70,114,134,134,115,120,754,756,763,754,755,-57.75,-64,Southern Ocean
DrakePCoral,468,21,1380,60,388,476,548,372,368,1002,948,874,1003,1006,-57.75,-64,Southern Ocean
MD07-3076,1042,46,1985,30,1154,1162,1173,1132,1118,838,840,739,845,859,-44.1,-14.2,Southern Ocean
MD07-3076,1042,46,2475,30,1154,1162,1173,1132,1118,1328,1330,1229,1335,1349,-44.1,-14.2,Southern Ocean
MD07-3076,1458,93,2362,35,1282,1528,1562,1586,1591,776,836,862,776,775,-44.1,-14.2,Southern Ocean
MD97-2121,1718,10,2331,40,1817,1804,1832,1823,1832,510,528,535,508,508,-40.4,-178,Southern Ocean
MD07-3088,1759,171,2510,30,1595,1792,2087,1870,1878,666,726,622,644,625,-46,-75,Southern Ocean
MD07-3076,1991,116,2945,37,2021,1957,1697,2047,2104,894,964,1119,896,855,-44.1,-14.2,Southern Ocean
MD07-3076,2986,162,3725,37,2486,2869,2924,2876,2899,848,862,806,853,823,-44.1,-14.2,Southern Ocean
MD07-3088,4098,182,4475,30,3692,3707,3615,3740,3697,470,762,817,731,767,-46,-75,Southern Ocean
MD07-3076,4329,162,4905,35,3806,3830,3699,3886,3887,990,1054,1242,1016,1028,-44.1,-14.2,Southern Ocean
DrakePCoral,4643,169,4850,75,3891,4166,4103,4128,4133,710,685,603,726,724,-57.75,-64,Southern Ocean
MD07-3076,5370,139,5687,37,4631,4732,4770,4668,4690,744,966,886,1024,1001,-44.1,-14.2,Southern Ocean
DrakePCoral,5883,53,5990,90,5131,5086,5056,5078,5055,876,834,807,887,903,-57.75,-64,Southern Ocean
MD07-3076,6319,93,6506,37,5501,5525,5538,5557,5582,990,987,939,960,923,-44.1,-14.2,Southern Ocean
DrakePCoral,6470,48,6430,95,5588,5652,5678,5691,5681,738,780,866,736,735,-57.75,-64,Southern Ocean
MD07-3076,6806,185,6732,36,5940,6041,6289,5985,6008,770,698,654,749,724,-44.1,-14.2,Southern Ocean
MD97-2121,7027,170,6884,30,6144,6290,6500,6154,6180,717,605,399,733,713,-40.4,-178,Southern Ocean
RR0503-83GC,8009,69,7540,25,7183,7204,7227,7205,7302,352,340,300,328,239,-36.74,-176.64,Southern Ocean
RR0503-83GC,8009,69,7750,30,7183,7204,7227,7205,7302,560,552,496,536,450,-36.74,-176.64,Southern Ocean
RR0503-83GC,8009,69,8200,30,7183,7204,7227,7205,7302,1010,1002,946,986,900,-36.74,-176.64,Southern Ocean
RR0503-83GC,8009,69,8350,25,7183,7204,7227,7205,7302,1162,1150,1110,1138,1049,-36.74,-176.64,Southern Ocean
MD07-3076,8079,162,8390,40,7222,7164,7304,7293,7301,1157,1231,1163,1100,1088,-44.1,-14.2,Southern Ocean
MD07-3076,9074,116,9520,40,7982,8182,8139,8167,8175,1405,1327,1452,1357,1330,-44.1,-14.2,Southern Ocean
MD07-3076,9074,116,9510,50,7982,8182,8139,8167,8175,1393,1312,1442,1349,1319,-44.1,-14.2,Southern Ocean
MD07-3076,9074,116,9070,50,7982,8182,8139,8167,8175,953,872,1002,909,879,-44.1,-14.2,Southern Ocean
MD07-3076,9769,116,9560,40,8788,8714,8738,8780,8788,777,851,816,781,776,-44.1,-14.2,Southern Ocean
MD97-2121,9906,246,8812,36,8334,8850,9043,8841,8887,-136,-30,-106,-29,-60,-40.4,-178,Southern Ocean
MD07-3076,10347,69,9790,50,9036,9182,9356,9206,9207,592,646,572,583,581,-44.1,-14.2,Southern Ocean
MD07-3076,10347,69,10060,50,9036,9182,9356,9206,9207,862,916,842,853,851,-44.1,-14.2,Southern Ocean
MD07-3076,10694,69,10300,45,9478,9435,9442,9453,9431,832,864,860,840,854,-44.1,-14.2,Southern Ocean
MD07-3076,11134,69,10470,50,9684,9769,9668,9657,9656,778,710,671,806,819,-44.1,-14.2,Southern Ocean
MD07-3076,11134,69,10570,60,9684,9769,9668,9657,9656,880,815,751,905,919,-44.1,-14.2,Southern Ocean
MD07-3076,11134,69,10670,50,9684,9769,9668,9657,9656,978,910,871,1006,1019,-44.1,-14.2,Southern Ocean
MD97-2121,11195,51,10552,38,9778,9784,9787,9745,9665,782,776,746,805,867,-40.4,-178,Southern Ocean
MD07-3088,11252,347,10880,35,9812,9841,9908,9894,10029,1058,1042,900,995,856,-46,-75,Southern Ocean
MD07-3076,11389,93,10600,50,9810,9872,9867,9987,10020,630,746,709,614,605,-44.1,-14.2,Southern Ocean
MD07-3076,11389,93,10730,50,9810,9872,9867,9987,10020,760,876,839,744,735,-44.1,-14.2,Southern Ocean
MD07-3076,11644,116,10790,50,10092,9971,9907,10063,10050,712,806,843,721,730,-44.1,-14.2,Southern Ocean
MD07-3076,11644,116,10820,50,10092,9971,9907,10063,10050,742,836,873,751,760,-44.1,-14.2,Southern Ocean
DrakePCoral,11777,135,10700,140,10161,10042,9996,10132,10095,552,596,784,556,561,-57.75,-64,Southern Ocean
TNO57-21,12201,200,10900,45,10372,10544,10680,10364,10365,545,362,365,536,534,-41.1,7.8,Southern Ocean
MD07-3076,12222,139,11400,50,10215,10516,10498,10370,10371,1030,887,852,1028,1029,-44.1,-14.2,Southern Ocean
MD07-3076,12894,69,11835,50,10984,10948,11102,10997,11039,846,906,909,839,830,-44.1,-14.2,Southern Ocean
TNO57-21,12980,200,12200,75,10492,11202,11261,11047,11049,1171,995,900,1146,1170,-41.1,7.8,Southern Ocean
MD07-3076,13241,93,12760,60,11068,11304,11400,11365,11369,1410,1444,1576,1393,1393,-44.1,-14.2,Southern Ocean
DrakePCoral,13397,76,12750,180,11536,11536,11712,11525,11521,1219,1218,1286,1220,1223,-57.75,-64,Southern Ocean
TNO57-21,13580,200,12700,55,11630,11462,11772,11749,11827,982,1242,1388,953,887,-41.1,7.8,Southern Ocean
DrakePCoral,13707,68,13150,180,11841,11820,11739,11834,11831,1302,1293,1324,1304,1308,-57.75,-64,Southern Ocean
MD07-3088,13812,233,12885,40,11540,11575,11818,11981,12027,950,1318,1298,919,855,-46,-75,Southern Ocean
RR0503-64JPC,13998,110,12720,45,12136,12034,12105,12065,12030,598,690,727,643,681,-37.42,-177,Southern Ocean
RR0503-79JPC,13998,110,12810,35,12136,12034,12105,12065,12030,683,780,747,736,773,-36.96,-176.59,Southern Ocean
MD07-3076,14097,93,13360,60,12164,12122,12158,12220,12258,1186,1225,1318,1153,1108,-44.1,-14.2,Southern Ocean
TNO57-21,14180,200,12950,55,12222,12009,12378,12283,12307,729,966,881,671,631,-41.1,7.8,Southern Ocean
MD97-2121,14324,254,12839,45,12051,12097,12546,12363,12400,576,757,703,483,440,-40.4,-178,Southern Ocean
MD07-3076,14491,69,13300,60,12426,12386,12374,12419,12414,877,910,960,877,879,-44.1,-14.2,Southern Ocean
MD07-3088,14491,464,13755,35,11838,12182,12854,12406,12405,1322,1584,1398,1348,1334,-46,-75,Southern Ocean
MD07-3076,14653,69,13430,60,12438,12430,12437,12456,12470,982,1007,1009,977,972,-44.1,-14.2,Southern Ocean
TNO57-21,14770,200,13150,70,12500,12504,12515,12468,12473,658,635,726,677,691,-41.1,7.8,Southern Ocean
MD07-3076,14792,69,13520,110,12433,12482,12516,12437,12479,1084,1072,1027,1083,1084,-44.1,-14.2,Southern Ocean
MD07-3076,15139,162,13440,60,12708,12801,12864,12697,12731,736,664,543,741,749,-44.1,-14.2,Southern Ocean
MD07-3076,15139,162,13380,60,12708,12801,12864,12697,12731,676,604,483,681,689,-44.1,-14.2,Southern Ocean
MD07-3076,15139,162,13380,70,12708,12801,12864,12697,12731,677,612,445,681,689,-44.1,-14.2,Southern Ocean
MD07-3076,15139,162,13450,60,12708,12801,12864,12697,12731,746,674,553,751,759,-44.1,-14.2,Southern Ocean
MD07-3076,15139,162,13260,60,12708,12801,12864,12697,12731,556,484,363,561,569,-44.1,-14.2,Southern Ocean
TNO57-21,15892,200,14750,65,13212,13228,13422,13240,13244,1526,1541,1424,1509,1501,-41.1,7.8,Southern Ocean
DrakePCoral,16402,310,14200,180,13552,13705,14310,13600,13624,618,610,501,607,596,-57.75,-64,Southern Ocean
TNO57-21,16453,200,14850,60,13614,13652,13622,13628,13626,1234,1188,1262,1220,1215,-41.1,7.8,Southern Ocean
MD07-3076,16574,324,15360,70,13647,13812,13783,13711,13814,1642,1546,1578,1649,1590,-44.1,-14.2,Southern Ocean
MD07-3076,16574,324,15360,60,13647,13812,13783,13711,13814,1638,1546,1555,1649,1576,-44.1,-14.2,Southern Ocean
MD07-3076,16574,324,15560,80,13647,13812,13783,13711,13814,1847,1745,1758,1850,1803,-44.1,-14.2,Southern Ocean
TNO57-21,17014,200,15650,80,14002,14057,14338,13973,13855,1646,1630,1505,1663,1764,-41.1,7.8,Southern Ocean
MD07-3076,17106,324,15650,180,14090,14257,14176,14100,14152,1560,1412,1222,1573,1593,-44.1,-14.2,Southern Ocean
MD07-3076,17569,347,16510,210,14305,14663,14872,14446,14460,2115,1890,1712,2086,2065,-44.1,-14.2,Southern Ocean
TNO57-21,17575,200,16050,65,14391,14505,14522,14447,14459,1658,1550,1545,1607,1593,-41.1,7.8,Southern Ocean
MD07-3076,17801,347,16698,50,14498,14792,14770,14535,14461,1541,1902,2026,2150,2229,-44.1,-14.2,Southern Ocean
MD97-2121,17845,380,15986,56,14521,14820,14705,14579,14461,845,1161,1205,1404,1514,-40.4,-178,Southern Ocean
RR0503-83GC,17906,147,15835,40,14594,14700,14625,14624,14670,1238,1134,1135,1213,1171,-36.74,-176.64,Southern Ocean
RR0503-83GC,17906,147,15965,40,14594,14700,14625,14624,14670,1368,1264,1265,1343,1301,-36.74,-176.64,Southern Ocean
RR0503-83GC,17906,147,15580,45,14594,14700,14625,14624,14670,982,879,860,959,919,-36.74,-176.64,Southern Ocean
RR0503-83GC,17906,147,15515,40,14594,14700,14625,14624,14670,918,814,815,893,851,-36.74,-176.64,Southern Ocean
RR0503-64JPC,17906,147,15020,60,14594,14700,14625,14624,14670,420,319,344,402,368,-37.42,-177,Southern Ocean
RR0503-64JPC,17906,147,15245,40,14594,14700,14625,14624,14670,648,544,545,623,581,-37.42,-177,Southern Ocean
MD07-3076,18009,324,17030,200,14830,14966,15211,14689,14695,2233,2077,1977,2316,2400,-44.1,-14.2,Southern Ocean
MD07-3076,18380,278,17400,120,14489,15204,15305,15146,15221,2334,2212,2213,2275,2213,-44.1,-14.2,Southern Ocean
TNO57-21,18697,200,16900,80,15432,15420,15411,15358,15210,1478,1480,1476,1544,1692,-41.1,7.8,Southern Ocean
MD07-3076,19028,231,18220,100,15148,15628,15553,15782,15780,2534,2590,2608,2438,2396,-44.1,-14.2,Southern Ocean
TNO57-21,19259,200,17400,70,16026,15810,16017,15969,15983,1402,1600,1585,1435,1422,-41.1,7.8,Southern Ocean
MD07-3076,19398,255,18070,130,16092,15983,15995,16042,15992,1969,2112,2011,1999,2053,-44.1,-14.2,Southern Ocean
TNO57-21,19820,200,18000,85,16402,16326,16096,16410,16367,1582,1652,1818,1574,1601,-41.1,7.8,Southern Ocean
MD07-3076,20509,440,19060,130,16973,16938,16642,17018,17128,2046,2118,1981,2062,1967,-44.1,-14.2,Southern Ocean
TNO57-21,22064,200,19300,90,18134,18327,18291,18115,18193,1168,956,1079,1186,1175,-41.1,7.8,Southern Ocean
MD07-3076,22870,532,20580,130,18742,19220,20640,18886,18786,1718,1422,1021,1629,1800,-44.1,-14.2,Southern Ocean
MD07-3076,24722,463,21730,100,20577,20686,21103,20550,20580,1146,1053,1045,1184,1187,-44.1,-14.2,Southern Ocean
MD97-2121,25358,162,22322,85,20989,21285,21484,21075,21106,1308,1057,962,1259,1228,-40.4,-178,Southern Ocean
RR0503-79JPC,25650,40,22140,60,21226,21350,21612,21221,21220,916,844,639,916,920,-36.96,-176.59,Southern Ocean
BP_S794,25650,40,22020,80,21226,21350,21612,21221,21220,795,747,591,796,799,-36.31,-176.64,Southern Ocean
HT_S938,25650,40,21640,80,21226,21350,21612,21221,21220,415,367,211,416,419,-45.08,-179.5,Southern Ocean
S931,25650,40,22200,80,21226,21350,21612,21221,21220,975,927,771,976,979,-39.46,-176.42,Southern Ocean
RR0503-36JPC,25650,40,21770,70,21226,21350,21612,21221,21220,545,486,306,546,549,-39.94,-176.22,Southern Ocean
MD07-3076,26227,486,22440,160,21876,22137,23007,22013,21981,576,368,153,399,428,-44.1,-14.2,Southern Ocean
MD07-3076,27384,486,23390,110,23228,23262,23605,23224,23278,171,139,98,189,112,-44.1,-14.2,Southern Ocean
MD07-3076,28472,394,24520,200,23322,24195,24360,24213,24140,165,294,441,266,349,-44.1,-14.2,Southern Ocean
MD07-3076,29931,347,25970,130,25774,26002,25750,25554,25307,229,-45,-186,388,629,-44.1,-14.2,Southern Ocean
MD07-3076,30810,486,26550,250,25360,26568,26788,26476,26319,-219,10,53,2,183,-44.1,-14.2,Southern Ocean
MD07-3076,32106,625,28540,89,26335,27881,28792,28248,28402,422,680,446,303,149,-44.1,-14.2,Southern Ocean
MD07-3076,32639,625,28827,91,27574,28509,29959,28453,28426,426,354,-331,367,400,-44.1,-14.2,Southern Ocean
MD04-2829CQ,1300,200,1790,150,942,1292,1865,1414,1591,383,522,546,390,436,58.9,-9.6,Northeast Atlantic
DAPC2,3672,200,3740,55,3076,3396,3588,3426,3381,340,380,153,311,301,58.97,-9.61,Northeast Atlantic
94-609,5516,151,5420,80,4500,4886,5098,4763,4764,628,580,488,645,688,49.88,-24.23,Northeast Atlantic
DAPC2,9238,200,8590,90,7976,8272,8477,8251,8232,296,328,351,331,337,58.97,-9.61,Northeast Atlantic
RAPiD-15-4P,10297,100,9739,38,8984,9187,9224,9184,9200,646,564,490,561,537,62.29,-17.13,Northeast Atlantic
RAPiD-17-5P,10297,100,9728,39,8984,9187,9224,9184,9200,634,554,484,550,526,61.48,-19.54,Northeast Atlantic
RAPID-12-1K,10447,101,9752,35,9296,9231,9242,9251,9226,465,520,482,495,516,62.09,-17.82,Northeast Atlantic
RAPiD-10-1P,10510,250,9587,38,8900,9210,9186,9306,9217,204,374,379,277,359,62.98,-17.59,Northeast Atlantic
RAPiD-15-4P,10714,150,10198,40,9249,9429,9417,9476,9586,745,762,752,717,630,62.29,-17.13,Northeast Atlantic
RAPiD-17-5P,10727,150,9862,39,9249,9431,9378,9490,9586,402,422,439,370,291,61.48,-19.54,Northeast Atlantic
MD04-2829CQ,10900,200,9794,150,9553,9544,9480,9577,9589,220,278,333,222,223,58.9,-9.6,Northeast Atlantic
RAPID-12-1K,11235,200,10356,35,9679,9640,9604,9840,10022,553,706,824,513,372,62.09,-17.82,Northeast Atlantic
RAPiD-15-4P,11410,150,10358,42,9666,9862,9714,9998,10024,420,484,540,366,344,62.29,-17.13,Northeast Atlantic
RAPiD-17-5P,11501,150,10516,39,9805,9906,9882,10025,10031,500,593,693,491,486,61.48,-19.54,Northeast Atlantic
RAPiD-10-1P,11550,200,10568,40,9658,10004,10091,10037,10034,519,575,430,528,530,62.98,-17.59,Northeast Atlantic
MD04-2829CQ,11620,200,10965,150,10122,10066,10058,10057,10035,890,932,622,894,898,58.9,-9.6,Northeast Atlantic
RAPID-12-1K,11630,200,10577,36,10125,10070,10054,10060,10035,460,503,511,511,530,62.09,-17.82,Northeast Atlantic
RAPiD-15-4P,11653,150,10796,39,10098,10021,10026,10068,10041,698,788,686,722,740,62.29,-17.13,Northeast Atlantic
RAPiD-17-5P,11683,101,10783,39,10101,10022,9980,10079,10073,690,752,827,700,709,61.48,-19.54,Northeast Atlantic
MD95-2007,11775,68,10664,65,10140,10158,10127,10130,10125,528,513,499,529,533,57.5,-8.4,Northeast Atlantic
DAPC2,11833,200,10830,90,10192,10226,10053,10182,10211,642,599,468,648,669,58.97,-9.61,Northeast Atlantic
RAPiD-15-4P,11934,101,10965,40,10238,10242,10239,10245,10210,722,733,666,714,722,62.29,-17.13,Northeast Atlantic
RAPiD-10-1P,12120,52,11566,40,10354,10309,10290,10353,10356,1212,1238,1294,1211,1212,62.98,-17.59,Northeast Atlantic
RAPiD-15-4P,12208,151,11808,41,10217,10568,10637,10367,10367,1446,1250,1086,1439,1439,62.29,-17.13,Northeast Atlantic
RAPiD-17-5P,12317,300,11897,42,10373,10778,10794,10383,10369,940,1121,1084,1504,1527,61.48,-19.54,Northeast Atlantic
MD95-2002,12318,223,11190,100,10425,10705,10962,10382,10370,767,506,442,790,807,47.45,-8.53,Northeast Atlantic
NA87-22,12327,586,11320,90,9610,10610,11421,10391,10367,576,740,621,900,952,55.5,-14.7,Northeast Atlantic
RAPiD-10-1P,12340,101,12256,40,10399,10570,10516,10382,10373,1854,1688,1655,1868,1875,62.98,-17.59,Northeast Atlantic
MD03-2697,12377,531,11920,60,10520,10624,11048,10404,10370,1192,1307,1309,1491,1551,42.16,-9.7,Northeast Atlantic
RAPiD-15-4P,12382,200,11650,50,10480,10750,10834,10395,10372,735,896,983,1239,1271,62.29,-17.13,Northeast Atlantic
MD01-2461,12396,117,11032,39,10445,10634,10783,10391,10371,596,416,245,631,652,51.75,-12.92,Northeast Atlantic
MD95-2007,12430,106,11353,62,10450,10600,10505,10399,10374,914,726,737,935,962,57.5,-8.4,Northeast Atlantic
RAPiD-10-1P,12470,101,12379,42,10460,10642,10675,10435,10372,1922,1730,1751,1938,1995,62.98,-17.59,Northeast Atlantic
MD95-2007,12482,104,11299,66,10466,10703,10808,10456,10372,837,644,466,844,874,57.5,-8.4,Northeast Atlantic
MD95-2007,12552,104,11500,90,10508,10774,10874,10510,10482,982,816,572,987,990,57.5,-8.4,Northeast Atlantic
RAPiD-15-4P,12556,200,11750,50,10515,10924,11003,10518,10375,816,832,707,1229,1355,62.29,-17.13,Northeast Atlantic
MD01-2461,12590,200,11032,39,10518,10942,10997,10548,10375,87,98,31,482,647,51.75,-12.92,Northeast Atlantic
MD95-2007,12596,98,11296,77,10532,10816,11005,10545,10480,704,580,341,747,759,57.5,-8.4,Northeast Atlantic
RAPiD-10-1P,12600,101,12583,41,10532,10830,11064,10550,10483,1690,1796,1580,2032,2049,62.98,-17.59,Northeast Atlantic
RAPiD-15-4P,12730,151,11900,45,10374,11030,11189,10760,10909,1150,886,703,1138,963,62.29,-17.13,Northeast Atlantic
94-609,12736,465,12380,120,10212,10938,11746,10877,10372,1442,1472,1473,1563,1957,49.88,-24.23,Northeast Atlantic
RAPiD-10-1P,12750,200,12512,39,10718,11050,11125,10854,11045,1276,1464,1478,1669,1497,62.98,-17.59,Northeast Atlantic
DAPC2,12761,200,11380,110,10720,11052,11094,10883,11045,602,338,257,550,405,58.97,-9.61,Northeast Atlantic
RAPiD-15-4P,12799,101,12000,50,10648,10932,11083,10912,10912,1179,1104,982,1091,1057,62.29,-17.13,Northeast Atlantic
RAPiD-15-4P,12833,101,11811,42,10644,10943,11152,10941,10912,961,892,768,867,849,62.29,-17.13,Northeast Atlantic
MD95-2007,12973,71,11471,62,11017,11021,11158,11044,11051,428,461,469,427,429,57.5,-8.4,Northeast Atlantic
RAPiD-15-4P,13090,201,11816,39,10629,11320,11872,11164,11051,564,519,273,654,768,62.29,-17.13,Northeast Atlantic
RAPiD-10-1P,13110,201,12650,50,10595,11335,11929,11216,11051,1376,1342,1041,1446,1602,62.98,-17.59,Northeast Atlantic
MD01-2461,13142,336,12551,46,10375,11208,11582,11266,11053,529,1354,1264,1279,1508,51.75,-12.92,Northeast Atlantic
MD04-2829CQ,13200,200,11574,150,11027,11397,11987,11338,11051,258,296,186,257,219,58.9,-9.6,Northeast Atlantic
MD01-2461,13304,200,12551,46,11062,11416,11984,11431,11517,1130,1172,922,1113,1036,51.75,-12.92,Northeast Atlantic
NA87-22,13423,349,11690,120,11013,11484,11959,11557,11830,132,242,92,113,156,55.5,-14.7,Northeast Atlantic
RAPiD-10-1P,13430,250,12800,60,11058,11417,11703,11557,11520,1264,1389,1371,1229,1273,62.98,-17.59,Northeast Atlantic
MD95-2007,13536,140,12353,74,11385,11582,11921,11695,11827,680,784,907,660,596,57.5,-8.4,Northeast Atlantic
RAPiD-17-5P,13550,300,12754,43,11056,11534,12009,11721,11829,502,1236,1019,1031,932,61.48,-19.54,Northeast Atlantic
RAPiD-15-4P,13566,201,12100,45,11626,11459,11751,11732,11827,391,650,711,366,282,62.29,-17.13,Northeast Atlantic
RAPiD-15-4P,13614,101,11793,49,11712,11679,11740,11789,11828,53,116,137,13,-21,62.29,-17.13,Northeast Atlantic
MD95-2007,13740,138,12630,100,11866,11793,12058,11857,11829,747,859,908,747,770,57.5,-8.4,Northeast Atlantic
RAPiD-10-1P,13750,251,12900,60,11378,11589,12207,11871,12027,1012,1348,1168,1007,874,62.98,-17.59,Northeast Atlantic
NA87-22,13777,328,12920,120,11372,11676,12176,11922,12024,1024,1286,1047,996,963,55.5,-14.7,Northeast Atlantic
RAPiD-15-4P,13783,101,12155,40,11931,11908,12097,11909,12021,228,263,191,234,316,62.29,-17.13,Northeast Atlantic
94-609,13797,324,12750,220,11373,11696,12249,11969,12027,838,1150,1071,812,792,49.88,-24.23,Northeast Atlantic
RAPiD-15-4P,13940,101,12560,39,11885,12022,12131,12038,12030,492,546,530,518,526,62.29,-17.13,Northeast Atlantic
RAPiD-15-4P,13970,53,12636,43,12054,12086,12295,12036,12030,586,576,592,595,603,62.29,-17.13,Northeast Atlantic
MD95-2007,14126,121,12790,120,12194,12060,12066,12247,12294,586,659,822,565,540,57.5,-8.4,Northeast Atlantic
NA87-22,14134,261,12380,120,11841,11818,12315,12256,12401,200,558,769,153,69,55.5,-14.7,Northeast Atlantic
RAPiD-10-1P,14230,201,12700,55,12054,12024,12292,12309,12398,458,690,714,390,354,62.98,-17.59,Northeast Atlantic
RAPiD-15-4P,14263,101,12487,43,12328,12202,12296,12324,12310,159,290,319,157,161,62.29,-17.13,Northeast Atlantic
RAPiD-17-5P,14286,251,12850,55,12055,12074,12501,12340,12400,596,797,705,512,465,61.48,-19.54,Northeast Atlantic
MD03-2697,14423,441,12520,60,11840,12118,12878,12391,12404,220,422,240,136,104,42.16,-9.7,Northeast Atlantic
94-609,14428,161,13650,90,12383,12282,12406,12400,12404,1260,1376,1370,1254,1249,49.88,-24.23,Northeast Atlantic
94-609,14428,161,12740,140,12383,12282,12406,12400,12404,350,466,515,346,343,49.88,-24.23,Northeast Atlantic
MD04-2829CQ,14540,200,12686,150,12404,12336,12563,12420,12412,269,348,483,266,265,58.9,-9.6,Northeast Atlantic
RAPiD-10-1P,14550,102,12914,44,12438,12354,12370,12435,12436,479,562,583,477,478,62.98,-17.59,Northeast Atlantic
MD99-2331,14726,117,13640,80,12436,12524,12500,12450,12468,1194,1115,1004,1192,1191,42.15,-9.68,Northeast Atlantic
RAPiD-17-5P,14789,251,13450,60,12538,12463,12670,12476,12470,919,990,1079,967,993,61.48,-19.54,Northeast Atlantic
MD04-2845,14815,134,13890,100,12482,12555,12537,12475,12488,1412,1322,1239,1414,1418,45.35,-5.22,Northeast Atlantic
RAPiD-15-4P,14822,251,14281,44,12552,12512,12472,12486,12474,1731,1770,1761,1789,1819,62.29,-17.13,Northeast Atlantic
MD95-2002,14838,146,13730,130,12497,12554,12547,12485,12491,1236,1156,1095,1240,1246,47.45,-8.53,Northeast Atlantic
RAPiD-17-5P,14928,251,13528,45,12613,12601,12786,12534,12486,922,932,940,985,1046,61.48,-19.54,Northeast Atlantic
MD99-2331,14955,186,13810,80,12576,12666,12736,12552,12501,1230,1156,1171,1249,1274,42.15,-9.68,Northeast Atlantic
NA87-22,14990,354,14580,130,12674,12591,13270,12587,12481,1924,2040,1882,1976,2058,55.5,-14.7,Northeast Atlantic
MD95-2002,15037,188,14200,110,12638,12694,12691,12618,12626,1569,1486,1540,1578,1592,47.45,-8.53,Northeast Atlantic
MD01-2461,15071,212,14530,58,12658,12756,12854,12643,12628,1868,1788,1700,1883,1899,51.75,-12.92,Northeast Atlantic
MD95-2002,15091,202,14420,120,12670,12744,12802,12658,12631,1750,1672,1720,1756,1767,47.45,-8.53,Northeast Atlantic
RAPiD-10-1P,15097,202,13479,47,12673,12748,12839,12663,12631,803,736,725,813,828,62.98,-17.59,Northeast Atlantic
MD01-2461,15182,200,11950,43,12726,12800,12735,12732,12739,-776,-854,-819,-784,-775,51.75,-12.92,Northeast Atlantic
RAPiD-15-4P,15253,301,14657,48,12776,12824,13145,12794,12905,1876,1843,1780,1861,1762,62.29,-17.13,Northeast Atlantic
MD04-2845,15306,248,14240,110,12812,12906,12935,12840,12901,1426,1338,1355,1411,1385,45.35,-5.22,Northeast Atlantic
MD95-2002,15369,281,14570,130,12864,12936,13318,12882,12905,1708,1648,1757,1698,1684,47.45,-8.53,Northeast Atlantic
DAPC2,15379,200,13410,130,12868,12978,13106,12886,12906,540,510,379,532,524,58.97,-9.61,Northeast Atlantic
94-609,15393,384,14990,230,12882,12849,12885,12897,12907,2098,2066,2209,2099,2099,49.88,-24.23,Northeast Atlantic
MD04-2829CQ,15400,200,14468,150,12882,12988,13123,12896,12907,1582,1566,1437,1576,1573,58.9,-9.6,Northeast Atlantic
MD04-2845,15533,316,14450,110,12520,13136,13800,12971,12915,1469,1365,1254,1466,1491,45.35,-5.22,Northeast Atlantic
RAPiD-17-5P,15555,301,14100,55,13003,13131,13752,12987,12915,1103,996,792,1107,1165,61.48,-19.54,Northeast Atlantic
NA87-22,15598,444,15660,120,13022,13092,14348,13028,12916,2636,2651,2334,2624,2671,55.5,-14.7,Northeast Atlantic
MD95-2002,15603,350,14830,70,12519,13105,13314,13027,12918,1808,1722,1841,1799,1878,47.45,-8.53,Northeast Atlantic
MD95-2002,15778,391,14810,200,13152,13167,13355,13169,13237,1650,1590,1832,1647,1644,47.45,-8.53,Northeast Atlantic
RAPiD-10-1P,15850,500,14950,49,12502,13288,14006,13225,13241,1752,1676,1424,1725,1697,62.98,-17.59,Northeast Atlantic
MD99-2331,15905,565,14130,120,13172,13262,14140,13263,13386,916,878,980,866,833,42.15,-9.68,Northeast Atlantic
DAPC2,16005,200,14400,110,13320,13313,13236,13316,13378,1086,1082,992,1084,1082,58.97,-9.61,Northeast Atlantic
RAPiD-17-5P,16039,301,15087,50,13318,13456,13935,13343,13387,1756,1662,1275,1744,1721,61.48,-19.54,Northeast Atlantic
MD99-2331,16040,601,13920,90,12498,13421,14708,13359,13389,608,522,421,561,572,42.15,-9.68,Northeast Atlantic
MD01-2461,16111,526,15118,64,13315,13536,14155,13397,13391,1004,1598,1463,1717,1741,51.75,-12.92,Northeast Atlantic
DAPC2,16148,200,14900,110,13420,13446,13793,13407,13396,1483,1478,1488,1487,1495,58.97,-9.61,Northeast Atlantic
94-609,16149,577,16360,240,13320,13537,14817,13423,13393,2943,2828,3058,2928,2912,49.88,-24.23,Northeast Atlantic
RAPiD-17-5P,16317,301,15300,65,13518,13530,13566,13537,13619,1778,1778,1748,1763,1705,61.48,-19.54,Northeast Atlantic
DAPC2,16410,200,15330,100,13596,13636,13722,13603,13621,1738,1693,1635,1731,1721,58.97,-9.61,Northeast Atlantic
MD99-2331,16437,702,13930,80,13618,13773,15093,13642,13827,272,188,-96,287,149,42.15,-9.68,Northeast Atlantic
NA87-22,16535,661,15800,140,13692,13767,15194,13704,13826,2080,2048,2282,2102,2066,55.5,-14.7,Northeast Atlantic
MD01-2461,16547,200,14530,58,13656,13704,13744,13688,13644,862,824,887,839,837,51.75,-12.92,Northeast Atlantic
DAPC2,16563,200,15390,130,13664,13709,13817,13699,13788,1701,1660,1709,1691,1684,58.97,-9.61,Northeast Atlantic
RAPiD-17-5P,16728,351,15750,60,13788,13931,14062,13802,13824,1945,1829,1696,1950,1937,61.48,-19.54,Northeast Atlantic
MD99-2331,16872,703,15130,90,13834,14108,15402,13883,13830,1274,1035,1288,1222,1322,42.15,-9.68,Northeast Atlantic
94-609,16899,796,16760,150,13830,14138,15644,13910,14457,2734,2662,2585,2810,2964,49.88,-24.23,Northeast Atlantic
MD01-2461,16970,787,15518,63,13842,14142,15643,13985,14457,340,1398,1230,1524,1695,51.75,-12.92,Northeast Atlantic
DAPC2,16996,200,15400,170,13985,14018,14227,13951,13855,1410,1390,1449,1421,1443,58.97,-9.61,Northeast Atlantic
DAPC2,17155,200,15560,140,14068,14268,14428,14128,14152,1446,1347,1069,1446,1437,58.97,-9.61,Northeast Atlantic
NA87-22,17163,832,16700,140,13905,14305,16075,14160,14457,2504,2443,2209,2532,2245,55.5,-14.7,Northeast Atlantic
MD99-2331,17264,582,15060,90,14084,14562,15025,14198,14459,-113,494,601,838,604,42.15,-9.68,Northeast Atlantic
MD95-2002,17473,230,15300,70,14362,14476,14629,14409,14454,966,840,706,910,853,47.45,-8.53,Northeast Atlantic
MD95-2002,17519,234,15280,160,14384,14536,14705,14429,14456,910,790,658,881,853,47.45,-8.53,Northeast Atlantic
MD01-2461,17520,200,15118,64,14355,14462,14498,14430,14455,763,650,749,699,667,51.75,-12.92,Northeast Atlantic
GIK23415-9,17651,1013,15810,100,14629,14866,16356,14502,14460,-526,954,1182,1283,1326,53.18,-19.15,Northeast Atlantic
MD99-2331,17704,336,15540,90,14465,14764,14882,14486,14462,382,778,714,1037,1061,42.15,-9.68,Northeast Atlantic
MD01-2461,17706,990,15174,60,14660,14919,16529,14530,14459,-1185,269,312,626,710,51.75,-12.92,Northeast Atlantic
MD04-2829CQ,17820,200,16559,150,14582,14750,14663,14544,14466,1990,1856,1683,1997,2009,58.9,-9.6,Northeast Atlantic
RAPiD-17-5P,17932,401,16207,53,14710,14878,14811,14651,14462,1485,1326,1443,1561,1734,61.48,-19.54,Northeast Atlantic
DAPC2,18038,200,16430,130,14686,14904,14921,14700,14700,1626,1538,1484,1719,1751,58.97,-9.61,Northeast Atlantic
RAPiD-17-5P,18050,401,16350,65,14178,14994,15203,14712,14697,1550,1363,1321,1629,1665,61.48,-19.54,Northeast Atlantic
MD99-2331,18177,362,16170,130,14974,15076,15155,14821,14703,1248,1100,1060,1296,1499,42.15,-9.68,Northeast Atlantic
NA87-22,18412,1073,17590,140,15238,15501,17681,15219,14459,2308,2126,1930,2355,3032,55.5,-14.7,Northeast Atlantic
MD04-2829CQ,18485,200,16603,150,15114,15258,15051,15191,15217,1438,1344,1084,1412,1409,58.9,-9.6,Northeast Atlantic
MD01-2461,18772,1143,17130,77,13850,15756,17595,15675,15986,-393,1382,1629,1466,1153,51.75,-12.92,Northeast Atlantic
94-609,18892,1357,17360,120,13793,16180,20043,15829,15982,1600,1244,895,1532,1405,49.88,-24.23,Northeast Atlantic
MD04-2829CQ,19381,200,17197,150,16095,15934,15806,16029,15994,1114,1256,1155,1142,1173,58.9,-9.6,Northeast Atlantic
MD01-2461,19427,200,15518,63,16118,15996,15629,16063,15998,-612,-500,-352,-558,-497,51.75,-12.92,Northeast Atlantic
DAPC2,19533,200,17310,130,16206,16090,16071,16192,16362,1114,1234,1190,1113,1085,58.97,-9.61,Northeast Atlantic
NA87-22,19644,1071,18110,180,14602,16746,19453,16382,16364,1896,1409,1321,1728,1618,55.5,-14.7,Northeast Atlantic
SU92-03,19889,755,16780,120,15185,16680,17699,16526,16366,304,126,6,259,291,43.2,-10.11,Northeast Atlantic
MD01-2461,20012,1062,18233,87,14466,17074,20308,16648,16365,1616,1212,364,1581,1608,51.75,-12.92,Northeast Atlantic
DAPC2,20177,200,17870,130,16681,16712,16864,16686,16687,1170,1130,1169,1179,1188,58.97,-9.61,Northeast Atlantic
GIK23415-9,20184,1061,17880,120,14706,17346,20128,16776,17131,1195,599,-126,1093,1261,53.18,-19.15,Northeast Atlantic
MD01-2461,20254,200,15174,60,16816,16824,17142,16743,16710,-1620,-1628,-1771,-1573,-1555,51.75,-12.92,Northeast Atlantic
MD04-2829CQ,20298,200,17921,150,16836,16858,17089,16778,16735,1114,1099,1124,1133,1155,58.9,-9.6,Northeast Atlantic
MD04-2845,20308,745,17290,150,16828,16924,17235,16829,17128,434,369,500,443,629,45.35,-5.22,Northeast Atlantic
94-609,20626,1649,19340,220,14154,17995,19470,17337,17561,2156,1364,1544,2018,1656,49.88,-24.23,Northeast Atlantic
MD01-2461,20709,918,18665,89,17064,17456,19130,17192,17560,-68,1230,1107,1447,1114,51.75,-12.92,Northeast Atlantic
NA87-22,20850,818,19310,270,16046,17350,17996,17354,17558,2057,1974,1993,1984,1778,55.5,-14.7,Northeast Atlantic
MD04-2829CQ,20921,200,18619,150,17340,17252,17314,17368,17531,1278,1362,1512,1264,1223,58.9,-9.6,Northeast Atlantic
MD01-2461,20939,200,17130,77,17345,17262,17302,17393,17536,-219,-125,-159,-254,-366,51.75,-12.92,Northeast Atlantic
RAPiD-17-5P,21373,701,18321,63,17524,17655,17417,17704,17808,-390,660,869,625,503,61.48,-19.54,Northeast Atlantic
MD01-2461,21536,724,19128,94,17733,17885,18877,17798,17813,1354,1271,858,1339,1307,51.75,-12.92,Northeast Atlantic
NA87-22,21757,598,20160,230,17976,17970,18093,17878,17810,2124,2176,2187,2239,2326,55.5,-14.7,Northeast Atlantic
MD01-2461,21784,200,18233,87,17964,18145,18697,17873,17823,310,154,-206,348,376,51.75,-12.92,Northeast Atlantic
94-609,21880,1639,20370,330,15966,19216,25471,18210,17813,1973,1274,1459,2118,2573,49.88,-24.23,Northeast Atlantic
GIK23415-9,21919,711,19840,160,18004,18285,19523,18010,17815,1577,1585,1511,1800,1994,53.18,-19.15,Northeast Atlantic
94-609,22126,1619,20950,260,15790,19290,23433,18503,17812,2396,1678,2462,2464,3139,49.88,-24.23,Northeast Atlantic
MD95-2002,22295,402,18850,90,18333,18534,18704,18349,18772,-378,320,331,484,102,47.45,-8.53,Northeast Atlantic
94-609,22373,1591,21510,220,15998,19622,23213,18754,18782,2802,1924,2322,2780,3686,49.88,-24.23,Northeast Atlantic
DAPC2,22424,200,19730,140,18492,18619,18758,18542,18744,1226,1134,998,1196,1066,58.97,-9.61,Northeast Atlantic
MD95-2002,22505,361,19430,100,18416,18695,19017,18678,18779,822,738,886,782,672,47.45,-8.53,Northeast Atlantic
MD99-2331,22625,376,19770,170,18700,18746,18725,18751,18781,1047,986,1236,1040,1013,42.15,-9.68,Northeast Atlantic
MD95-2002,22823,322,20148,70,18906,18956,18795,18831,18786,1241,1181,1378,1296,1363,47.45,-8.53,Northeast Atlantic
MD99-2331,22953,348,22290,170,18346,19010,18929,19034,18789,3252,3240,3338,3249,3468,42.15,-9.68,Northeast Atlantic
MD01-2461,22957,496,20193,118,18855,19204,20523,19081,18788,1190,1054,500,1126,1407,51.75,-12.92,Northeast Atlantic
DAPC2,22974,200,20280,150,19064,19038,19438,19064,18801,1222,1266,1315,1227,1410,58.97,-9.61,Northeast Atlantic
MD04-2829CQ,22987,200,20385,150,19070,19063,19541,19096,18802,1318,1360,1392,1311,1162,58.9,-9.6,Northeast Atlantic
MD99-2331,23035,344,20860,250,19080,19118,19120,19195,18790,1756,1762,1742,1726,1617,42.15,-9.68,Northeast Atlantic
MD95-2002,23039,305,20620,80,19137,19104,19297,19197,18796,1496,1523,1553,1440,1301,47.45,-8.53,Northeast Atlantic
MD01-2461,23109,200,18665,89,18850,19190,19523,19259,19309,-484,-498,-645,-583,-638,51.75,-12.92,Northeast Atlantic
94-609,23112,1464,21770,220,16822,20286,23653,19395,18784,-166,1560,1019,2387,2353,49.88,-24.23,Northeast Atlantic
MD99-2331,23119,340,20550,240,19143,19198,19467,19273,19350,1384,1403,1409,1329,1231,42.15,-9.68,Northeast Atlantic
MD99-2331,23237,331,20460,140,19185,19284,19858,19349,19365,1222,1226,1034,1122,1069,42.15,-9.68,Northeast Atlantic
DAPC2,23320,200,20450,170,18822,19362,19640,19397,19371,1066,1094,1123,1050,1041,58.97,-9.61,Northeast Atlantic
MD04-2829CQ,23400,200,20665,150,19418,19410,19623,19443,19398,1222,1242,1373,1221,1220,58.9,-9.6,Northeast Atlantic
MD99-2331,23460,303,21620,160,18812,19440,19988,19463,19412,2090,2244,2073,2149,2171,42.15,-9.68,Northeast Atlantic
MD04-2845,23468,258,20820,140,19610,19341,19325,19468,19507,1270,1440,1708,1347,1363,45.35,-5.22,Northeast Atlantic
MD95-2002,23493,290,20240,60,18809,19432,19831,19478,19424,632,826,584,759,779,47.45,-8.53,Northeast Atlantic
MD99-2331,23514,296,21740,160,18809,19478,19925,19487,19504,2147,2319,2169,2238,2278,42.15,-9.68,Northeast Atlantic
MD99-2331,23636,281,22690,180,19683,19568,19868,19543,19505,3018,3155,3081,3102,3195,42.15,-9.68,Northeast Atlantic
MD99-2331,23758,271,22150,170,19743,19693,19979,19669,20007,2401,2486,2426,2436,2626,42.15,-9.68,Northeast Atlantic
NA87-22,23795,587,20770,210,18804,19984,21167,19851,20020,994,853,653,962,1283,55.5,-14.7,Northeast Atlantic
MD04-2845,23822,257,21110,140,19762,19748,19962,19844,20011,1324,1376,1357,1301,1123,45.35,-5.22,Northeast Atlantic
94-609,23841,1304,22780,340,17566,20658,24051,20026,20023,2836,2186,2084,2791,2440,49.88,-24.23,Northeast Atlantic
DAPC2,23930,200,21410,200,19838,19760,19712,19975,20018,1542,1582,1883,1476,1419,58.97,-9.61,Northeast Atlantic
MD99-2331,24016,287,22440,170,19520,19849,19993,20025,20025,2498,2558,2793,2418,2381,42.15,-9.68,Northeast Atlantic
MD01-2461,24082,200,19128,94,19482,19936,19977,20058,20031,-921,-806,-770,-944,-916,51.75,-12.92,Northeast Atlantic
MD95-2002,24085,345,20430,80,19509,20108,20769,20065,20026,459,344,207,350,394,47.45,-8.53,Northeast Atlantic
MD99-2331,24119,295,22430,180,19507,20028,20410,20085,20033,2396,2436,2308,2318,2304,42.15,-9.68,Northeast Atlantic
MD01-2461,24175,411,20931,129,19510,20276,21319,20150,20030,896,712,406,765,616,51.75,-12.92,Northeast Atlantic
MD95-2002,24318,351,20600,80,19496,20366,21521,20302,20358,332,285,-331,311,238,47.45,-8.53,Northeast Atlantic
MD99-2331,24417,273,23080,190,20310,20422,20910,20353,20362,2756,2725,2530,2737,2715,42.15,-9.68,Northeast Atlantic
NA87-22,24837,742,21420,230,19480,21083,22210,20625,20583,670,372,97,759,861,55.5,-14.7,Northeast Atlantic
GIK23415-9,24894,755,21310,200,19478,21102,21589,20664,20583,508,198,260,609,748,53.18,-19.15,Northeast Atlantic
MD99-2331,24966,346,24140,210,20742,20853,21041,20683,20592,3394,3237,3293,3426,3479,42.15,-9.68,Northeast Atlantic
MD01-2461,24988,200,20193,118,20794,20946,20965,20696,20606,-558,-761,-756,-515,-478,51.75,-12.92,Northeast Atlantic
DAPC2,25015,200,21860,190,20811,21004,21127,20720,20611,1100,906,727,1123,1149,58.97,-9.61,Northeast Atlantic
MD01-2461,25041,419,21565,128,20058,21048,21504,20754,20591,764,553,313,794,928,51.75,-12.92,Northeast Atlantic
MD04-2829CQ,25172,200,22292,150,20874,21108,21268,20872,21096,1408,1199,1198,1408,1421,58.9,-9.6,Northeast Atlantic
MD04-2845,25466,338,22260,160,21112,21343,21734,21120,21113,1026,954,785,1130,1147,45.35,-5.22,Northeast Atlantic
DAPC2,25647,200,23660,210,21382,21613,21974,21228,21121,2323,2130,1893,2391,2442,58.97,-9.61,Northeast Atlantic
MD01-2461,25743,200,20931,129,21408,21676,22036,21365,21131,-548,-706,-904,-440,-334,51.75,-12.92,Northeast Atlantic
MD01-2461,25821,459,22234,147,21620,21779,22079,21508,21116,628,484,416,701,1063,51.75,-12.92,Northeast Atlantic
MD04-2845,26011,385,22550,170,21780,21816,21477,21884,21972,798,648,1236,728,585,45.35,-5.22,Northeast Atlantic
DAPC2,26271,200,23950,220,22124,22066,22313,22020,21981,1860,1965,1702,1890,1923,58.97,-9.61,Northeast Atlantic
NA87-22,26421,884,23780,270,22004,22793,25482,22316,22415,1454,1101,676,1523,1439,55.5,-14.7,Northeast Atlantic
MD99-2331,26512,601,25880,250,22218,22428,22432,22342,22416,3648,3446,3146,3589,3526,42.15,-9.68,Northeast Atlantic
MD99-2331,26512,601,25140,230,22218,22428,22432,22342,22416,2912,2701,2478,2847,2771,42.15,-9.68,Northeast Atlantic
RAPiD-17-5P,27310,255,23860,107,22952,23040,23181,23106,23265,895,828,813,777,608,61.48,-19.54,Northeast Atlantic
MD99-2331,27331,708,26310,260,23130,23535,25348,23209,23282,3130,2880,2578,3167,3779,42.15,-9.68,Northeast Atlantic
NA87-22,27353,752,24730,310,23165,23474,24326,23232,23283,1527,1254,1233,1551,2154,55.5,-14.7,Northeast Atlantic
NA87-22,27353,752,23620,300,23165,23474,24326,23232,23283,416,144,151,441,1058,55.5,-14.7,Northeast Atlantic
MD01-2461,27354,363,24074,168,22976,23114,22925,23186,23278,921,930,847,941,814,51.75,-12.92,Northeast Atlantic
MD04-2845,27620,384,24450,210,23358,23313,23962,23371,23287,1057,1146,1435,1012,1138,45.35,-5.22,Northeast Atlantic
MD04-2845,27907,360,25080,230,23686,23659,24370,23913,24031,1366,1466,1779,1244,1084,45.35,-5.22,Northeast Atlantic
MD04-2829CQ,27922,200,24688,150,23717,23555,23383,23917,24001,928,1106,1200,804,721,58.9,-9.6,Northeast Atlantic
NA87-22,28000,536,26350,330,22694,24024,25713,23991,24054,2590,2503,1781,2442,2310,55.5,-14.7,Northeast Atlantic
MD99-2331,28103,763,24390,210,22614,24060,25172,24057,24068,510,332,853,350,290,42.15,-9.68,Northeast Atlantic
MD95-2002,28165,343,24410,250,23892,23982,24035,24059,24065,447,491,91,365,336,47.45,-8.53,Northeast Atlantic
MD04-2845,28180,334,25030,230,23354,23979,23991,24065,24065,1053,1106,712,974,951,45.35,-5.22,Northeast Atlantic
94-609,28240,436,25660,440,23998,23879,24200,24096,24077,1596,1643,1593,1566,1547,49.88,-24.23,Northeast Atlantic
MD01-2461,28462,371,25312,195,23324,24184,23770,24205,24142,983,1086,1120,1070,1143,51.75,-12.92,Northeast Atlantic
SU92-03,28593,428,24800,120,24440,24582,25449,24311,24165,235,280,-493,459,635,43.2,-10.11,Northeast Atlantic
MD04-2845,28727,389,25630,240,24468,24470,24698,24501,24686,1056,1214,1231,1139,1223,45.35,-5.22,Northeast Atlantic
MD99-2331,28894,800,25870,250,23317,24656,25385,24710,25273,1056,1204,1469,1138,663,42.15,-9.68,Northeast Atlantic
MD04-2845,28957,399,25270,240,24716,24842,24430,24714,24701,528,444,91,532,595,45.35,-5.22,Northeast Atlantic
MD04-2829CQ,28982,200,26045,150,24816,24793,24429,24721,24703,1253,1207,1152,1310,1339,58.9,-9.6,Northeast Atlantic
PS2644-5,29050,462,25700,300,24724,25032,25364,24794,25266,891,736,462,850,776,67.867,-21.765,Northeast Atlantic
94-609,29288,539,26570,310,24883,25288,26011,25201,25274,1502,1322,1199,1479,1374,49.88,-24.23,Northeast Atlantic
MD99-2331,29324,818,26050,280,23300,25124,27227,25235,25276,870,1035,671,890,799,42.15,-9.68,Northeast Atlantic
MD95-2002,29341,399,25820,230,24933,25262,26031,25219,25272,770,606,666,675,578,47.45,-8.53,Northeast Atlantic
MD01-2461,29363,499,25863,208,24946,25302,24988,25232,25276,716,550,373,692,597,51.75,-12.92,Northeast Atlantic
MD01-2461,29696,479,25928,209,24790,25550,26328,25339,25286,420,378,667,531,617,51.75,-12.92,Northeast Atlantic
MD99-2331,29769,820,26370,260,25386,25624,28099,25418,25284,-994,834,492,831,1062,42.15,-9.68,Northeast Atlantic
PS2644-5,29888,503,27550,910,24782,25619,26117,25503,25291,1894,1687,1525,1903,1917,67.867,-21.765,Northeast Atlantic
MD99-2334,251,200,723,150,258,840,1402,217,120,430,111,-299,472,505,38,-10,Iberian Margin
MD99-2334,3707,81,3950,60,3314,3422,3471,3458,3488,499,538,577,496,493,38,-10,Iberian Margin
MD99-2334,8421,28,8139,37,7642,7605,7581,7659,7689,494,536,553,483,468,38,-10,Iberian Margin
SHAK10-10K,11590,200,10811,150,10111,10060,10048,10048,10034,754,808,521,754,755,37.8,-9.5,Iberian Margin
SHAK14-4G,11590,200,10720,150,10111,10060,10048,10048,10034,662,717,430,663,664,38,-9.7,Iberian Margin
SHAK03-6K,11590,200,10777,150,10111,10060,10048,10048,10034,720,774,487,720,721,37.7,-10.5,Iberian Margin
MD99-2334,11690,200,10248,150,10146,10128,9950,10084,10042,136,152,-115,144,153,38,-10,Iberian Margin
MD99-2334,12840,200,11110,150,10376,11088,11272,10954,11047,243,46,-193,185,121,38,-10,Iberian Margin
SHAK10-10K,12868,200,11554,150,10374,11112,11260,10980,11047,654,475,245,599,555,37.8,-9.5,Iberian Margin
SHAK14-4G,12868,200,11514,150,10374,11112,11260,10980,11047,614,435,205,559,515,38,-9.7,Iberian Margin
SHAK03-6K,12868,200,11547,150,10374,11112,11260,10980,11047,647,468,238,592,548,37.7,-10.5,Iberian Margin
SHAK05-3K,12868,200,11344,150,10374,11112,11260,10980,11047,444,265,35,389,345,37.6,-9.7,Iberian Margin
MD99-2334,14034,200,12505,150,11846,11886,12056,12111,12029,374,614,839,368,369,38,-10,Iberian Margin
SHAK14-4G,14034,200,12567,150,11846,11886,12056,12111,12029,436,676,901,430,431,38,-9.7,Iberian Margin
SHAK03-6K,14034,200,12744,150,11846,11886,12056,12111,12029,612,854,1078,607,608,37.7,-10.5,Iberian Margin
SHAK05-3K,14034,200,12382,150,11846,11886,12056,12111,12029,250,492,716,245,246,37.6,-9.7,Iberian Margin
MD99-2334,14649,200,12995,150,12449,12420,12575,12441,12453,550,566,642,550,553,38,-10,Iberian Margin
SHAK14-4G,14649,200,13264,150,12449,12420,12575,12441,12453,818,834,911,819,822,38,-9.7,Iberian Margin
SHAK03-6K,14649,200,13238,150,12449,12420,12575,12441,12453,792,808,885,793,796,37.7,-10.5,Iberian Margin
SHAK05-3K,14649,200,12988,150,12449,12420,12575,12441,12453,542,558,635,543,546,37.6,-9.7,Iberian Margin
MD99-2334,15947,200,14419,150,13266,13270,13360,13275,13254,1147,1166,1159,1142,1139,38,-10,Iberian Margin
SHAK10-10K,15947,200,14330,150,13266,13270,13360,13275,13254,1058,1076,1070,1053,1050,37.8,-9.5,Iberian Margin
SHAK14-4G,15947,200,14200,150,13266,13270,13360,13275,13254,928,946,940,923,920,38,-9.7,Iberian Margin
SHAK03-6K,15947,200,14172,150,13266,13270,13360,13275,13254,900,918,912,895,892,37.7,-10.5,Iberian Margin
SHAK05-3K,15947,200,14000,150,13266,13270,13360,13275,13254,728,746,740,723,720,37.6,-9.7,Iberian Margin
MD99-2334,17420,200,15093,150,14298,14400,14384,14367,14451,780,672,597,759,723,38,-10,Iberian Margin
SHAK10-10K,17420,200,15067,150,14298,14400,14384,14367,14451,754,646,571,733,697,37.8,-9.5,Iberian Margin
SHAK14-4G,17420,200,15134,150,14298,14400,14384,14367,14451,822,712,638,800,764,38,-9.7,Iberian Margin
SHAK03-6K,17420,200,14584,150,14298,14400,14384,14367,14451,272,162,88,250,214,37.7,-10.5,Iberian Margin
MD99-2334,20262,200,17765,150,16820,16832,17167,16750,16715,989,968,992,1007,1025,38,-10,Iberian Margin
SHAK10-10K,20262,200,17810,150,16820,16832,17167,16750,16715,1034,1012,1037,1052,1070,37.8,-9.5,Iberian Margin
SHAK14-4G,20262,200,17514,150,16820,16832,17167,16750,16715,738,716,741,756,774,38,-9.7,Iberian Margin
SHAK03-6K,20262,200,17404,150,16820,16832,17167,16750,16715,628,606,631,646,664,37.7,-10.5,Iberian Margin
SHAK05-3K,20262,200,17787,150,16820,16832,17167,16750,16715,1011,990,1014,1029,1047,37.6,-9.7,Iberian Margin
MD99-2334,21783,200,19170,150,17964,18144,18669,17872,17822,1261,1123,1151,1279,1297,38,-10,Iberian Margin
SHAK14-4G,21783,200,18817,150,17964,18144,18669,17872,17822,908,770,798,926,944,38,-9.7,Iberian Margin
SHAK03-6K,21783,200,18782,150,17964,18144,18669,17872,17822,873,735,763,891,909,37.7,-10.5,Iberian Margin
SHAK05-3K,21783,200,18864,150,17964,18144,18669,17872,17822,955,817,845,973,991,37.6,-9.7,Iberian Margin
MD99-2334,23410,200,20725,150,19430,19416,19617,19448,19406,1276,1292,1424,1276,1276,38,-10,Iberian Margin
SHAK03-6K,23410,200,20196,150,19430,19416,19617,19448,19406,747,764,895,747,747,37.7,-10.5,Iberian Margin
MD99-2334,24298,200,21100,150,20244,20216,20394,20285,20344,856,959,739,839,809,38,-10,Iberian Margin
SHAK03-6K,24298,200,20742,150,20244,20216,20394,20285,20344,498,601,381,481,451,37.7,-10.5,Iberian Margin
MD99-2334,25725,200,22293,150,21404,21664,22026,21341,21131,839,677,502,943,1035,38,-10,Iberian Margin
