Event,Latitude,Longitude,Cal age [ka BP],"Cal age std e [±] (calculated, 1 sigma)","Age dated [ka] (planktic, Age, 14C AMS)","Age std e [±] (planktic, calculated, 1 sigma)","Age dated [ka] (Coeval atmospheric 14C age, A...)"
MR01-K03,41.12,142.4,2766.0,98.0,3290.0,80.0,2684.0
MR01-K03,41.12,142.4,3983.0,251.0,4270.0,200.0,3671.0
MR01-K03,41.12,142.4,5456.0,252.0,5450.0,220.0,4689.2
MR01-K03,41.12,142.4,7634.5,209.0,7500.0,220.0,6797.4
MR01-K03,41.12,142.4,11463.0,85.0,10600.0,50.0,10010.0
MR01-K03,41.12,142.4,11934.0,86.0,10900.0,55.0,10228.0
MR01-K03,41.12,142.4,12631.0,51.0,11420.0,60.0,10606.0
MR01-K03,41.12,142.4,13392.0,50.0,12230.0,50.0,11511.0
MR01-K03,41.12,142.4,15151.0,107.0,13450.0,85.0,12708.0
MR01-K03,41.12,142.4,16073.0,69.0,14150.0,55.0,13364.0
MR01-K03,41.12,142.4,18793.0,107.0,16450.0,110.0,15471.0
MR01-K03,41.12,142.4,20853.0,73.0,18200.0,65.0,17256.0
MR01-K03,41.12,142.4,24644.0,254.0,21500.0,220.0,20496.0
MR01-K03,41.12,142.4,26787.0,216.0,23560.0,220.0,22357.0
MR01-K03,41.12,142.4,28899.0,331.0,25700.0,300.0,24670.0
MR01-K03,41.12,142.4,33631.0,383.0,30130.0,360.0,29033.0
V35-6,7.2,112.2,4689.0,111.0,4860.0,90.0,4132.0
V35-6,7.2,112.2,7971.0,114.0,7890.0,110.0,7161.0
V35-6,7.2,112.2,9023.0,163.0,8780.0,120.0,8134.8
V35-6,7.2,112.2,9977.0,161.0,9550.0,120.0,8925.800000000001
V35-6,7.2,112.2,10783.0,171.0,10130.0,120.0,9554.8
V35-6,7.2,112.2,12738.0,130.0,11590.0,140.0,10775.0
V35-6,7.2,112.2,13708.0,195.0,12540.0,160.0,11822.0
V35-5,7.195,112.0766667,1293.0,479.0,2055.0,100.0,1365.0
V35-5,7.195,112.0766667,5793.0,428.0,5830.0,110.0,5081.2
V35-5,7.195,112.0766667,7626.5,288.0,7500.0,150.0,6801.0
V35-5,7.195,112.0766667,8210.0,267.0,8189.999999999999,140.0,7439.0
V35-5,7.195,112.0766667,9331.5,217.0,9050.0,160.0,8348.5
V35-5,7.195,112.0766667,9995.5,372.0,9520.0,150.0,8875.6
V35-5,7.195,112.0766667,12627.0,426.0,11580.0,200.0,10600.0
V35-5,7.195,112.0766667,15477.0,341.0,13740.0,190.0,12926.0
V35-5,7.195,112.0766667,16986.0,450.0,14990.0,420.0,13932.0
V35-5,7.195,112.0766667,18419.0,373.0,16170.000000000002,290.0,15239.0
V35-5,7.195,112.0766667,19669.5,339.0,17540.0,260.0,16385.0
V35-5,7.195,112.0766667,20268.0,435.0,17020.0,390.0,16751.0
MD95-2007,57.5,-8.4,11775.5,68.165,10664.0,65.0,10146.0
MD95-2007,57.5,-8.4,12429.5,105.82625,11353.0,62.0,10362.0
MD95-2007,57.5,-8.4,12482.25,103.763125,11299.0,66.0,10473.0
MD95-2007,57.5,-8.4,12551.5,103.76249999999999,11500.0,90.0,10477.0
MD95-2007,57.5,-8.4,12596.0,98.09937500000001,11296.0,77.0,10504.0
MD95-2007,57.5,-8.4,12973.25,71.085625,11471.0,62.0,11048.0
MD95-2007,57.5,-8.4,13535.875,139.98499999999999,12353.0,74.0,11749.0
MD95-2007,57.5,-8.4,13740.0,137.5875,12630.0,100.0,11824.0
MD95-2007,57.5,-8.4,14125.5,121.496875,12790.0,120.0,12250.0
TNO57-21,-41.1,7.8,12201.0,200.0,10900.0,45.0,10406.0
TNO57-21,-41.1,7.8,12980.0,200.0,12200.0,75.0,11047.0
TNO57-21,-41.1,7.8,13580.0,200.0,12700.0,55.0,11701.0
TNO57-21,-41.1,7.8,14180.0,200.0,12950.0,55.0,12287.0
TNO57-21,-41.1,7.8,14770.0,200.0,13150.0,70.0,12370.0
TNO57-21,-41.1,7.8,15892.0,200.0,14750.0,65.0,13239.0
TNO57-21,-41.1,7.8,16453.0,200.0,14850.0,60.0,13628.0
TNO57-21,-41.1,7.8,17014.0,200.0,15650.0,80.0,13966.0
TNO57-21,-41.1,7.8,17575.0,200.0,16050.0,65.0,14464.0
TNO57-21,-41.1,7.8,18697.0,200.0,16900.0,80.0,15352.0
TNO57-21,-41.1,7.8,19259.0,200.0,17400.0,70.0,15975.0
TNO57-21,-41.1,7.8,19820.0,200.0,18000.0,85.0,16376.000000000002
TNO57-21,-41.1,7.8,22064.0,200.0,19300.0,90.0,18110.0
SS152,3.89,78.06,2103.0,322.0,2523.0,108.0,2117.0
SS152,3.89,78.06,2860.0,336.0,3164.0,45.0,2771.0
SS152,3.89,78.06,5761.0,275.0,5547.0,35.0,5073.400000000001
SS152,3.89,78.06,6468.0,170.0,6190.0,75.0,5688.6
SS152,3.89,78.06,7523.0,250.0,7158.0,42.0,6678.200000000001
SS152,3.89,78.06,8813.0,213.0,8405.0,45.0,7991.799999999999
SS152,3.89,78.06,9278.0,323.0,8715.0,47.0,8266.6
SS152,3.89,78.06,11897.0,326.0,10708.0,87.0,10226.0
SS152,3.89,78.06,12462.0,112.0,11081.0,34.0,10401.0
SS152,3.89,78.06,12697.0,194.0,11176.0,94.0,10653.0
SS152,3.89,78.06,14026.0,345.0,12551.0,60.0,12077.0
SS152,3.89,78.06,14917.0,228.0,13119.0,49.0,12517.0
SS152,3.89,78.06,15758.0,191.0,13678.0,37.0,13142.0
SS152,3.89,78.06,16610.0,209.0,14369.0,76.0,13733.0
SS152,3.89,78.06,17165.0,209.0,14812.0,42.0,14159.0
SS152,3.89,78.06,18000.0,297.0,15495.0,38.0,14683.0
SS152,3.89,78.06,18928.0,385.0,16453.0,199.0,15691.0
SS172,6.03,89.94,6091.0,372.0,5823.0,40.0,5276.4
SS172,6.03,89.94,7633.0,382.0,7317.0,59.0,6798.6
SS172,6.03,89.94,9347.0,369.0,8797.0,33.0,8340.8
SS172,6.03,89.94,11474.0,269.0,10438.0,52.0,10018.0
SS172,6.03,89.94,12094.0,167.0,10789.0,46.0,10332.0
SS172,6.03,89.94,12667.0,200.0,11296.0,74.0,10594.0
SS172,6.03,89.94,13643.0,177.0,12271.0,61.0,11808.0
SS172,6.03,89.94,14174.0,127.0,12804.0,65.0,12281.0
SS172,6.03,89.94,14370.0,139.0,12672.0,48.0,12398.0
SS172,6.03,89.94,14986.0,252.0,13110.0,51.0,12581.0
SS172,6.03,89.94,15946.0,437.0,14283.0,57.0,13266.0
SS172,6.03,89.94,16680.0,548.0,13628.0,59.0,13780.0
SS172,6.03,89.94,17724.0,542.0,15469.0,66.0,14467.0
SS172,6.03,89.94,18290.0,541.0,15093.0,57.0,15108.0
SS172,6.03,89.94,19139.0,497.0,17263.0,75.0,15877.0
SS172,6.03,89.94,19658.0,401.0,16890.0,67.0,16382.000000000002
SS172,6.03,89.94,20849.0,426.0,19050.0,78.0,17250.0
SS172,6.03,89.94,21745.0,412.0,18587.0,80.0,17834.0
SS172,6.03,89.94,24039.0,359.0,21020.0,135.0,20034.0
SS172,6.03,89.94,24466.0,230.0,21088.0,76.0,20352.0
SS172,6.03,89.94,26518.0,286.0,23147.0,87.0,22428.0
SS172,6.03,89.94,27600.0,290.0,24289.0,87.0,23302.0
SS172,6.03,89.94,28849.0,909.0,23883.0,120.0,24639.0
SS172,6.03,89.94,32962.0,592.0,29376.0,79.0,28541.0
SS172,6.03,89.94,35868.0,295.0,32247.0,91.0,31438.0
SS172,6.03,89.94,37062.0,299.0,33215.0,166.0,32749.000000000004
KNR195-5-CDH23,-3.749166667,-81.13416667,1074.0,46.0,1680.0,40.0,1193.0
KNR195-5-CDH23,-3.749166667,-81.13416667,3116.0,47.0,3420.0,35.0,2959.0
KNR195-5-CDH23,-3.749166667,-81.13416667,3801.0,46.0,3980.0,35.0,3470.0
KNR195-5-CDH23,-3.749166667,-81.13416667,4538.0,56.0,4540.0,40.0,4090.0
KNR195-5-CDH23,-3.749166667,-81.13416667,4538.0,57.0,4540.0,40.0,4090.0
KNR195-5-CDH23,-3.749166667,-81.13416667,5921.0,28.0,5720.0,30.0,5167.0
KNR195-5-CDH23,-3.749166667,-81.13416667,6460.0,39.0,6230.0,35.0,5693.0
KNR195-5-CDH23,-3.749166667,-81.13416667,6781.0,52.0,6510.0,45.0,5947.0
KNR195-5-CDH23,-3.749166667,-81.13416667,9048.0,56.0,8600.0,45.0,8178.200000000001
KNR195-5-CDH23,-3.749166667,-81.13416667,9793.0,98.0,9220.0,60.0,8803.599999999999
KNR195-5-CDH23,-3.749166667,-81.13416667,10744.0,74.0,9920.0,40.0,9506.199999999999
KNR195-5-CDH23,-3.749166667,-81.13416667,11950.0,70.0,10750.0,45.0,10281.0
KNR195-5-CDH23,-3.749166667,-81.13416667,12975.0,57.0,11650.0,55.0,11048.0
KNR195-5-CDH23,-3.749166667,-81.13416667,12976.0,57.0,11650.0,55.0,11048.0
KNR195-5-CDH23,-3.749166667,-81.13416667,13321.0,60.0,12000.0,55.0,11466.0
KNR195-5-CDH23,-3.749166667,-81.13416667,13536.0,82.0,12200.0,70.0,11749.0
KNR195-5-CDH23,-3.749166667,-81.13416667,14375.0,171.0,12800.0,95.0,12398.0
KNR195-5-CDH26,-3.986,-81.30866667,7378.0,31.0,7070.0,35.0,6459.8
KNR195-5-CDH26,-3.986,-81.30866667,10153.0,44.0,9460.0,40.0,8917.199999999999
KNR195-5-CDH26,-3.986,-81.30866667,11948.0,69.0,10750.0,45.0,10277.0
KNR195-5-CDH26,-3.986,-81.30866667,12978.0,48.0,11650.0,45.0,11047.0
KNR195-5-CDH26,-3.986,-81.30866667,13705.0,58.0,12350.0,50.0,11827.0
KNR195-5-CDH26,-3.986,-81.30866667,14913.0,84.0,13100.0,60.0,12515.0
KNR195-5-CDH26,-3.986,-81.30866667,15955.0,80.0,13900.0,60.0,13272.0
KNR195-5-CDH26,-3.986,-81.30866667,17513.0,90.0,15150.0,65.0,14448.0
KNR195-5-CDH26,-3.986,-81.30866667,19675.0,85.0,17050.0,70.0,16384.0
KNR195-5-CDH26,-3.986,-81.30866667,20460.0,82.0,17700.0,70.0,16917.0
KNR195-5-CDH26,-3.986,-81.30866667,21928.0,123.0,18850.0,110.0,17968.0
KNR195-5-CDH26,-3.986,-81.30866667,24098.0,96.0,20900.0,80.0,20056.0
KNR195-5-CDH41,-1.265666667,-89.698,10323.0,118.0,9580.0,50.0,9196.400000000001
KNR195-5-CDH41,-1.265666667,-89.698,11558.0,129.0,10500.0,45.0,10026.0
KNR195-5-CDH41,-1.265666667,-89.698,13427.0,130.0,12150.0,100.0,11539.0
KNR195-5-CDH41,-1.265666667,-89.698,13961.5,68.0,12550.0,45.0,12002.0
KNR195-5-CDH41,-1.265666667,-89.698,14281.0,101.0,12750.0,55.0,12330.0
KNR195-5-CDH41,-1.265666667,-89.698,14871.5,264.0,11850.0,65.0,12501.0
KNR195-5-CDH41,-1.265666667,-89.698,15722.0,85.0,13800.0,55.0,13113.0
KNR195-5-CDH41,-1.265666667,-89.698,15907.0,76.0,14350.0,60.0,13246.0
KNR195-5-CDH41,-1.265666667,-89.698,16059.999999999998,64.0,13950.0,60.0,13356.0
KNR195-5-CDH41,-1.265666667,-89.698,16257.000000000002,85.0,12700.0,50.0,13480.0
KNR195-5-CDH41,-1.265666667,-89.698,16484.0,74.0,14300.0,70.0,13643.0
KNR195-5-CDH41,-1.265666667,-89.698,16735.0,94.0,14450.0,60.0,13806.0
KNR195-5-CDH41,-1.265666667,-89.698,18125.5,144.0,15650.0,80.0,14732.0
KNR195-5-CDH41,-1.265666667,-89.698,20971.5,158.0,18150.0,90.0,17431.0
KNR195-5-CDH41,-1.265666667,-89.698,21813.0,129.0,18750.0,100.0,17887.0
KNR195-5-CDH41,-1.265666667,-89.698,22772.0,142.0,19700.0,140.0,18791.0
KNR195-5-CDH41,-1.265666667,-89.698,23479.5,124.0,20400.0,120.0,19569.0
KNR195-5-CDH41,-1.265666667,-89.698,23851.5,114.0,20600.0,120.0,19888.0
KNR195-5-CDH41,-1.265666667,-89.698,25178.5,569.0,14200.0,60.0,20876.0
KNR195-5-CDH41,-1.265666667,-89.698,26171.0,618.0,17950.0,70.0,21971.0
KNR195-5-CDH41,-1.265666667,-89.698,27277.5,562.0,24700.0,210.0,22999.0
KNR195-5-CDH41,-1.265666667,-89.698,27519.0,398.0,24000.0,120.0,23289.0
KNR195-5-CDH41,-1.265666667,-89.698,28783.0,475.0,27200.0,190.0,24559.0
KNR195-5-CDH41,-1.265666667,-89.698,29612.0,273.0,26200.0,260.0,25288.0
KNR195-5-GGC43,-1.252166667,-89.6845,1381.0,52.0,1990.0,50.0,1511.0
KNR195-5-GGC43,-1.252166667,-89.6845,4667.0,58.0,4630.0,40.0,4166.0
KNR195-5-GGC43,-1.252166667,-89.6845,6278.0,36.0,6050.0,35.0,5436.0
KNR195-5-GGC43,-1.252166667,-89.6845,8327.0,52.0,8029.999999999999,50.0,7467.4
KNR195-5-GGC43,-1.252166667,-89.6845,9311.0,49.0,8800.0,40.0,8315.2
KNR195-5-GGC43,-1.252166667,-89.6845,11116.0,34.0,10150.0,35.0,9658.0
KNR195-5-GGC43,-1.252166667,-89.6845,12533.0,69.0,11150.0,70.0,10535.0
TTN013-18,-2.0,-140.0,17753.5,603.0,15300.0,55.0,14479.0
TTN013-18,-2.0,-140.0,22189.5,506.0,19125.0,75.0,18229.0
TTN013-18,-2.0,-140.0,24685.5,377.0,21375.0,140.0,20531.0
TTN013-18,-2.0,-140.0,26061.5,327.0,22650.0,120.0,21947.0
TTN013-18,-2.0,-140.0,27362.5,329.0,24225.0,180.0,23192.0
TTN013-18,-2.0,-140.0,28556.5,526.0,22333.333329999998,190.0,24243.0
TTN013-18,-2.0,-140.0,30101.5,686.0,22513.333329999998,180.0,25902.0
TTN013-18,-2.0,-140.0,31790.0,466.0,28545.0,180.0,27908.0
TT154-10,-10.28333333,-111.3333333,14363.0,251.0,12780.0,160.0,12397.0
TT154-10,-10.28333333,-111.3333333,18520.0,232.0,16040.0,225.0,15114.0
TT154-10,-10.28333333,-111.3333333,19101.0,273.0,16560.0,240.0,15833.0
TT154-10,-10.28333333,-111.3333333,20078.0,439.0,17390.0,370.0,16607.0
TT154-10,-10.28333333,-111.3333333,23263.0,228.0,20110.0,220.0,19368.0
TT154-10,-10.28333333,-111.3333333,7013.0,120.0,6715.0,110.0,6163.8
V28-238,1.016666667,160.4833333,7542.0,148.0,7252.5,160.0,6625.0
V28-238,1.016666667,160.4833333,8885.0,139.0,8485.0,100.0,7969.0
V28-238,1.016666667,160.4833333,10670.0,281.0,9852.5,220.0,9432.0
V28-238,1.016666667,160.4833333,13605.0,559.0,12165.0,460.0,11797.0
V28-238,1.016666667,160.4833333,21688.0,450.0,18700.0,390.0,17801.0
V28-238,1.016666667,160.4833333,23145.0,283.0,20000.0,260.0,19284.0
V28-238,1.016666667,160.4833333,25111.0,1282.0,21832.5,1290.0,20799.0
KNR110-50,4.867,-43.217,16142.0,375.0,14045.0,295.0,13399.0
KNR110-50,4.867,-43.217,19433.0,169.0,16853.0,130.0,16061.0
KNR110-50,4.867,-43.217,20176.0,133.0,17450.0,115.0,16682.0
KNR110-50,4.867,-43.217,21338.0,262.0,18405.0,205.0,17596.0
KNR110-50,4.867,-43.217,22278.0,265.0,19195.0,245.0,18309.0
KNR110-66,4.567,-43.383,19070.0,124.0,16555.0,105.0,15806.0
KNR110-66,4.567,-43.383,19547.0,145.0,16945.0,115.0,16207.999999999998
KNR110-66,4.567,-43.383,20933.0,157.0,18100.0,120.0,17380.0
KNR110-66,4.567,-43.383,22001.0,151.0,18920.0,135.0,18035.0
KNR110-82a,4.333,-43.483,16044.0,129.0,13970.0,100.0,13346.0
KNR110-82a,4.333,-43.483,17379.0,106.0,15050.0,75.0,14296.0
KNR110-82a,4.333,-43.483,18500.0,143.0,16020.0,145.0,15143.0
KNR110-82a,4.333,-43.483,19724.0,309.0,17085.0,255.0,16358.0
KNR110-82a,4.333,-43.483,20408.0,220.0,17650.0,190.0,16861.0
V28-122,11.933,-78.683,19671.0,117.0,17045.0,100.0,16385.0
V28-122,11.933,-78.683,20259.0,171.0,17525.0,145.0,16743.0
V28-122,11.933,-78.683,21149.5,470.0,18245.0,405.0,17546.0
50-37KL,18.91666667,115.75,1236.0,70.0,2040.0,70.0,1254.0
50-37KL,18.91666667,115.75,5972.0,93.0,5960.0,80.0,5213.599999999999
50-37KL,18.91666667,115.75,8647.0,138.0,8500.0,110.0,7909.0
50-37KL,18.91666667,115.75,11364.0,134.0,10560.0,100.0,9987.0
50-37KL,18.91666667,115.75,13950.0,203.0,12730.0,140.0,12008.0
50-37KL,18.91666667,115.75,17258.0,188.0,15140.0,150.0,14150.0
50-37KL,18.91666667,115.75,18174.0,130.0,15910.0,110.0,14782.0
50-37KL,18.91666667,115.75,18280.0,135.0,16000.0,120.0,15078.0
50-37KL,18.91666667,115.75,19939.0,192.0,17460.0,160.0,16533.0
50-37KL,18.91666667,115.75,20177.0,223.0,17660.0,180.0,16682.0
MD97-2138,-1.0,146.0,21449.0,203.0,18636.0,150.0,17769.0
MD97-2138,-1.0,146.0,21830.0,234.0,18950.0,200.0,17901.0
MD98-2181,6.0,126.0,18867.0,161.0,16520.0,150.0,15601.0
MD98-2181,6.0,126.0,19088.0,165.0,16725.0,150.0,15821.0
MD98-2181,6.0,126.0,19445.0,186.0,17025.0,150.0,16073.0
RC11-238,-1.5,-85.8,19305.0,142.0,16750.0,120.0,15986.0
RC11-238,-1.5,-85.8,20909.0,187.0,18080.0,150.0,17344.0
V19-27,-0.5,-82.1,18095.0,109.0,15635.0,110.0,14720.0
V19-27,-0.5,-82.1,21155.0,170.0,18270.0,130.0,17548.0
V21-40,-5.5,-106.8,17799.0,132.0,15365.0,100.0,14514.0
V21-40,-5.5,-106.8,21007.5,317.0,18140.0,250.0,17470.0
MD01-2386,1.0,130.0,820.0,83.0,1597.0,88.0,943.0
MD01-2386,1.0,130.0,4976.0,111.0,5043.0,90.0,4416.0
MD01-2386,1.0,130.0,9940.0,127.0,9473.0,91.0,8879.0
MD01-2386,1.0,130.0,10893.0,128.0,10166.0,91.0,9624.4
MD01-2386,1.0,130.0,12290.0,105.0,11120.0,72.0,10417.0
MD01-2386,1.0,130.0,12830.0,86.0,11662.0,93.0,10930.0
MD01-2386,1.0,130.0,13884.0,122.0,12644.0,94.0,12059.0
MD01-2386,1.0,130.0,14049.0,188.0,12761.0,122.0,12128.0
MD01-2386,1.0,130.0,15196.0,164.0,13480.0,126.0,12741.0
MD01-2386,1.0,130.0,16195.0,150.0,14250.0,117.0,13434.0
MD01-2386,1.0,130.0,16338.999999999998,130.0,14362.0,102.0,13553.0
MD01-2386,1.0,130.0,17135.0,133.0,15001.0,117.0,14151.0
MD01-2386,1.0,130.0,17239.0,140.0,15098.0,114.0,14148.0
MD01-2386,1.0,130.0,18056.5,173.0,15760.0,147.0,14707.0
MD01-2386,1.0,130.0,18689.0,119.0,16338.000000000002,105.0,15339.0
MD01-2386,1.0,130.0,19232.0,132.0,16849.0,111.0,15965.0
RC24-8GC,-1.333333333,-11.9,3445.0,37.0,3770.0,30.0,3207.0
RC24-8GC,-1.333333333,-11.9,10287.0,63.0,9655.0,50.0,9182.4
RC24-8GC,-1.333333333,-11.9,12780.0,32.0,11535.0,35.0,10912.0
RC24-8GC,-1.333333333,-11.9,13600.0,60.0,12325.0,50.0,11772.0
RC24-8GC,-1.333333333,-11.9,15402.0,68.0,13550.0,50.0,12903.0
RC24-8GC,-1.333333333,-11.9,15717.0,67.0,13790.0,50.0,13110.0
RC24-8GC,-1.333333333,-11.9,16563.0,96.0,14440.0,70.0,13696.0
RC24-8GC,-1.333333333,-11.9,19008.0,116.0,16570.0,100.0,15766.0
Nesmeyanov25-1-GGC15,48.608,150.428,4682.0,52.0,5190.0,35.0,4132.0
Nesmeyanov25-1-GGC15,48.608,150.428,10718.0,86.0,10450.0,50.0,9484.400000000001
Nesmeyanov25-1-GGC15,48.608,150.428,16338.999999999998,89.0,14750.0,70.0,13553.0
Nesmeyanov25-1-GGC18,48.752,150.431,11049.0,77.0,10650.0,50.0,9543.0
Nesmeyanov25-1-GGC18,48.752,150.431,14035.0,98.0,13150.0,65.0,12096.0
Nesmeyanov25-1-GGC20,48.874,150.432,11205.0,47.0,10800.0,45.0,9775.0
Nesmeyanov25-1-GGC20,48.874,150.432,14453.0,117.0,13400.0,50.0,12404.0
Nesmeyanov25-1-GGC27,49.601,150.18,10859.0,95.0,10530.0,60.0,9569.800000000001
Nesmeyanov25-1-GGC27,49.601,150.18,13541.0,65.0,12760.0,55.0,11737.0
RNDB-GGC15,51.05,168.097,13589.0,60.0,12800.0,50.0,11729.0
RNDB-GGC5,51.112,167.895,14110.0,120.0,13200.0,75.0,12240.0
RNDB-GGC5,51.112,167.895,21979.0,132.0,19450.0,120.0,18012.0
RNDB-PC11,51.073,168.975,13935.0,72.0,13080.0,60.0,12028.0
RNDB-PC11,51.073,168.975,14019.0,102.0,13140.0,70.0,12063.0
RNDB-PC11,51.073,168.975,16602.0,114.0,14950.0,85.0,13727.0
RNDB-PC13,49.725,168.312,13958.0,90.0,13100.0,70.0,12003.0
RNDB-PC13,49.725,168.312,14918.0,142.0,13660.0,90.0,12518.0
RNDB-PC13,49.725,168.312,17793.0,79.0,15900.0,60.0,14509.0
RNDB-PC13,49.725,168.312,19555.0,140.0,17500.0,110.0,16222.000000000002
VINO19-4-GGC17,53.707,165.013,13661.5,41.0,12860.0,35.0,11835.0
VINO19-4GGC-37,50.42,167.732,13691.0,138.0,12880.0,115.0,11836.0
VINO19-4GGC-37,50.42,167.732,13722.0,118.0,12910.0,95.0,11801.0
MD97-2106,-45.15,146.28,8800.0,200.0,8486.0,45.0,7985.0
MD97-2106,-45.15,146.28,14980.64516,200.0,13009.0,60.0,12576.0
MD97-2106,-45.15,146.28,18358.62069,200.0,16079.0,70.0,15229.0
EW0408-87JC,59.55533333,-144.1535,594.0,74.0,1650.0,90.0,607.0
EW0408-87JC,59.55533333,-144.1535,1254.0,76.0,2340.0,70.0,1279.0
EW0408-87JC,59.55533333,-144.1535,1702.0,83.0,2730.0,70.0,1780.0
EW0408-87JC,59.55533333,-144.1535,2699.5,78.0,3560.0,60.0,2494.5
EW0408-87JC,59.55533333,-144.1535,3233.0,87.0,4000.0,80.0,3042.0
EW0408-87JC,59.55533333,-144.1535,3651.0,80.0,4330.0,60.0,3438.0
EW0408-87JC,59.55533333,-144.1535,4499.0,121.0,4990.0,90.0,3994.0
EW0408-87JC,59.55533333,-144.1535,5162.0,89.0,5500.0,70.0,4513.200000000001
EW0408-87JC,59.55533333,-144.1535,6170.0,40.0,6410.0,25.0,5302.0
EW0408-87JC,59.55533333,-144.1535,7773.0,34.0,7980.0,25.0,6938.4
EW0408-87JC,59.55533333,-144.1535,8428.5,84.0,8610.0,80.0,7684.700000000001
EW0408-87JC,59.55533333,-144.1535,8986.0,144.0,9020.0,120.0,8001.599999999999
EW0408-87JC,59.55533333,-144.1535,9736.0,94.0,9660.0,70.0,8771.2
EW0408-87JC,59.55533333,-144.1535,10151.5,35.0,9930.0,30.0,8913.6
EW0408-87JC,59.55533333,-144.1535,10546.0,35.0,10260.0,25.0,9314.0
EW0408-87JC,59.55533333,-144.1535,10819.0,84.0,10410.0,100.0,9593.199999999999
EW0408-87JC,59.55533333,-144.1535,11084.0,40.0,10600.0,35.0,9625.400000000001
EW0408-87JC,59.55533333,-144.1535,11350.0,48.0,10855.0,30.0,9975.0
EW0408-87JC,59.55533333,-144.1535,11708.0,40.0,11065.0,25.0,10091.0
EW0408-87JC,59.55533333,-144.1535,11992.0,44.0,11250.0,25.0,10291.0
EW0408-87JC,59.55533333,-144.1535,12436.0,51.0,11520.0,25.0,10372.0
EW0408-87JC,59.55533333,-144.1535,13526.0,43.0,12705.0,25.0,11740.0
EW0408-87JC,59.55533333,-144.1535,13722.0,55.0,12810.0,60.0,11801.0
EW0408-87JC,59.55533333,-144.1535,14019.5,35.0,13080.0,30.0,12064.0
EW0408-87JC,59.55533333,-144.1535,14191.0,58.0,13170.0,60.0,12296.0
EW0408-87JC,59.55533333,-144.1535,14393.0,70.0,13310.0,80.0,12396.0
EW0408-87JC,59.55533333,-144.1535,14593.0,61.0,13430.0,45.0,12464.0
EW0408-87JC,59.55533333,-144.1535,14747.0,48.0,13420.0,30.0,12368.0
EW0408-87JC,59.55533333,-144.1535,15219.0,49.0,13830.0,35.0,12757.0
EW0408-87JC,59.55533333,-144.1535,15901.0,44.0,14345.0,30.0,13243.0
EW0408-87JC,59.55533333,-144.1535,16276.0,41.0,14645.0,35.0,13495.0
EW0408-87JC,59.55533333,-144.1535,16486.5,49.0,14870.0,50.0,13644.0
EW0408-87JC,59.55533333,-144.1535,16586.0,44.0,14890.0,60.0,13715.0
EW0408-87JC,59.55533333,-144.1535,16672.0,42.0,15040.0,80.0,13775.0
EW0408-87JC,59.55533333,-144.1535,16747.0,43.0,14860.0,80.0,13810.0
EW0408-87JC,59.55533333,-144.1535,16843.0,37.0,15080.0,40.0,13842.0
EW0408-87JC,59.55533333,-144.1535,16916.0,36.0,15110.0,60.0,13877.0
EW0408-87JC,59.55533333,-144.1535,16999.0,48.0,15160.0,35.0,13946.0
202-1240,0.021833333,-86.46266667,11760.0,200.0,10364.0,150.0,10140.0
202-1240,0.021833333,-86.46266667,15000.0,200.0,12701.0,150.0,12595.0
202-1240,0.021833333,-86.46266667,17600.0,200.0,15676.0,150.0,14465.0
202-1240,0.021833333,-86.46266667,23500.0,200.0,20705.0,150.0,19564.0
202-1240,0.021833333,-86.46266667,2730.0,200.0,3243.0,27.0,2573.0
202-1240,0.021833333,-86.46266667,3756.5,200.0,4136.0,27.0,3485.5
202-1240,0.021833333,-86.46266667,8261.5,200.0,8045.999999999999,37.0,7436.4
202-1240,0.021833333,-86.46266667,9567.0,200.0,8937.5,62.241465000000005,8699.6
202-1240,0.021833333,-86.46266667,10445.375,200.0,9388.0,63.655322,9283.0
202-1240,0.021833333,-86.46266667,12852.0,200.0,11215.0,55.0,10989.0
202-1240,0.021833333,-86.46266667,13572.0,200.0,11964.0,55.0,11670.0
202-1240,0.021833333,-86.46266667,14494.25,200.0,12492.0,58.0,12419.0
202-1240,0.021833333,-86.46266667,16451.5,200.0,14273.0,67.0,13628.0
202-1240,0.021833333,-86.46266667,16973.75,200.0,14794.0,77.0,13920.0
202-1240,0.021833333,-86.46266667,18291.0,200.0,16713.0,91.0,15111.0
202-1240,0.021833333,-86.46266667,19704.5,200.0,17546.0,88.0,16370.000000000002
202-1240,0.021833333,-86.46266667,22245.0,200.0,19492.0,154.0,18276.0
202-1240,0.021833333,-86.46266667,24483.0,200.0,20705.0,116.0,20356.0
202-1240,0.021833333,-86.46266667,26214.0,200.0,23310.0,170.0,21965.0
SO161/5_22SL,-36.22,-73.67,10056.5,415.0,9160.0,380.0,8910.5
SO161/5_22SL,-36.22,-73.67,11591.0,98.0,11050.0,55.0,10010.0
SO161/5_22SL,-36.22,-73.67,12492.0,128.0,11700.0,100.0,10512.0
SO161/5_22SL,-36.22,-73.67,13853.0,115.0,13050.0,100.0,12017.0
SO161/5_22SL,-36.22,-73.67,14532.0,114.0,13450.0,65.0,12436.0
SO161/5_22SL,-36.22,-73.67,14967.0,103.0,14050.0,90.0,12560.0
SO161/5_22SL,-36.22,-73.67,15216.5,86.0,14200.0,75.0,12756.0
SO161/5_22SL,-36.22,-73.67,15710.5,81.0,14650.0,65.0,13104.0
SO161/5_22SL,-36.22,-73.67,15969.0,81.0,14800.0,75.0,13282.0
SO161/5_22SL,-36.22,-73.67,16360.499999999998,80.0,15100.0,75.0,13572.0
SO161/5_22SL,-36.22,-73.67,16658.5,82.0,15350.0,70.0,13767.0
SO161/5_22SL,-36.22,-73.67,17084.0,82.0,15700.0,80.0,14088.0
SO161/5_22SL,-36.22,-73.67,17490.0,88.0,16000.0,65.0,14435.0
SO161/5_22SL,-36.22,-73.67,18159.0,75.0,16100.000000000002,75.0,14761.0
SO161/5_22SL,-36.22,-73.67,18682.0,58.0,16600.0,70.0,15327.0
SO161/5_22SL,-36.22,-73.67,18859.0,55.0,16850.0,75.0,15587.0
SO161/5_22SL,-36.22,-73.67,18974.0,60.0,16800.0,110.0,15740.0
SO161/5_22SL,-36.22,-73.67,19098.0,71.0,16900.0,85.0,15830.0
SO161/5_22SL,-36.22,-73.67,19494.0,82.0,17300.0,70.0,16129.000000000002
CH84-14,41.73,142.55,10543.0,161.0,10000.0,140.0,9316.0
CH84-14,41.73,142.55,11050.0,144.0,10230.0,140.0,9542.0
CH84-14,41.73,142.55,11540.5,157.0,10640.0,150.0,10033.0
CH84-14,41.73,142.55,12052.5,180.0,10870.0,150.0,10330.0
CH84-14,41.73,142.55,13292.5,139.0,12180.0,160.0,11380.0
CH84-14,41.73,142.55,13828.0,163.0,12820.0,180.0,12020.0
CH84-14,41.73,142.55,14245.0,171.0,12750.0,150.0,12322.0
CH84-14,41.73,142.55,14732.0,172.0,13060.0,140.0,12386.0
CH84-14,41.73,142.55,15599.5,179.0,13830.0,150.0,13012.0
CH84-14,41.73,142.55,17765.0,226.0,15570.0,210.0,14486.0
JF-FI-19PC,62.817,-3.867,11080.0,200.0,9998.0,57.0,9623.0
JF-FI-19PC,62.817,-3.867,12800.0,200.0,12293.0,62.0,10908.0
JF-FI-19PC,62.817,-3.867,13760.0,200.0,12676.0,58.0,11864.0
JF-FI-19PC,62.817,-3.867,13940.0,200.0,12901.0,63.0,12020.0
JF-FI-19PC,62.817,-3.867,14250.0,200.0,12921.0,100.0,12323.0
JF-FI-19PC,62.817,-3.867,14310.0,200.0,13174.0,66.0,12353.0
JF-FI-19PC,62.817,-3.867,14560.0,200.0,13474.0,108.0,12449.0
JF-FI-19PC,62.817,-3.867,16460.0,200.0,14293.0,56.0,13632.0
JF-FI-19PC,62.817,-3.867,16910.0,200.0,14561.0,57.0,13873.0
JF-FI-19PC,62.817,-3.867,17590.0,200.0,15225.0,64.0,14465.0
JF-FI-19PC,62.817,-3.867,18160.0,200.0,15384.0,60.0,14762.0
JF-FI-19PC,62.817,-3.867,18730.0,200.0,15878.0,65.0,15391.0
JF-FI-19PC,62.817,-3.867,19300.0,200.0,16323.0,82.0,15985.0
JF-FI-19PC,62.817,-3.867,19870.0,200.0,17200.0,77.0,16443.0
JF-FI-19PC,62.817,-3.867,20440.0,200.0,17904.0,87.0,16893.0
JF-FI-19PC,62.817,-3.867,21010.0,200.0,18931.0,88.0,17472.0
JF-FI-19PC,62.817,-3.867,26070.0,200.0,23610.0,143.0,21954.0
JF-FI-19PC,62.817,-3.867,26330.0,200.0,23484.0,108.0,22042.0
JF-FI-19PC,62.817,-3.867,26740.0,200.0,23962.0,170.0,22366.0
145-887,54.62,-148.75,9270.0,376.0,9305.0,25.0,8249.0
145-887,54.62,-148.75,12627.0,237.0,11810.0,30.0,10600.0
145-887,54.62,-148.75,13296.0,100.0,12530.0,30.0,11388.0
145-887,54.62,-148.75,13828.0,174.0,12995.0,30.0,12020.0
145-887,54.62,-148.75,16696.0,215.0,15010.0,50.0,13788.0
145-887,54.62,-148.75,18421.5,396.0,16640.0,45.0,15238.0
145-887,54.62,-148.75,18885.5,396.0,16405.0,45.0,15631.0
145-887,54.62,-148.75,20120.0,241.0,17970.0,70.0,16640.0
MD02-2489,54.39,-148.92,11773.0,90.0,11080.0,60.0,10148.0
MD02-2489,54.39,-148.92,12740.0,24.0,11870.0,30.0,10783.0
MD02-2489,54.39,-148.92,12993.0,70.0,12120.0,70.0,11050.0
V34-98,50.11,153.2,5861.0,44.0,6260.0,40.0,5051.400000000001
Site_936,51.02,148.31,13832.0,91.0,13040.0,70.0,12016.0
Site_936,51.02,148.31,19532.0,172.0,17530.0,140.0,16181.999999999998
Site_936,51.02,148.31,24431.0,210.0,21760.0,170.0,20352.0
LV27-2-4,54.5,144.75,3395.0,18.0,4205.0,15.0,3186.0
LV27-2-4,54.5,144.75,5889.0,13.0,6230.0,15.0,5067.8
LV27-2-4,54.5,144.75,9035.0,20.0,9150.0,15.0,8183.0
LV27-2-4,54.5,144.75,11170.0,32.0,10760.0,35.0,9680.0
LV27-2-4,54.5,144.75,14036.0,26.0,13150.0,25.0,12098.0
MD07-3076,-44.07,-14.2,29090.0,200.0,25407.0,85.0,24792.0
MD07-3076,-44.07,-14.2,32259.0,200.0,28540.0,89.0,28393.0
MD07-3076,-44.07,-14.2,32915.0,200.0,28827.0,91.0,28500.0
MD07-3076,-44.07,-14.2,34508.0,200.0,30195.0,411.0,30101.0
MD07-3076,-44.07,-14.2,35382.0,200.0,31235.0,316.0,31047.0
MD07-3076,-44.07,-14.2,36341.0,200.0,31533.0,394.0,32081.000000000004
MD07-3076,-44.07,-14.2,36907.0,200.0,32447.000000000004,438.0,32549.0
MD07-3076,-44.07,-14.2,37332.0,200.0,32159.0,463.0,32945.0
MD07-3076,-44.07,-14.2,38181.0,200.0,34174.0,758.0,33389.0
MD07-3076,-44.07,-14.2,38322.0,200.0,33429.0,421.0,33436.0
MD07-3076,-44.07,-14.2,38747.0,200.0,35747.0,926.0,33581.0
MD07-3076,-44.07,-14.2,39713.0,200.0,35620.0,916.0,34614.0
MD07-3076,-44.07,-14.2,40137.0,200.0,36236.0,986.0,35024.0
MD07-3076,-44.07,-14.2,40654.0,200.0,35879.0,680.0,35468.0
MD12-3396Cq,-47.73133,86.69517,8205.0,237.0,7836.0,70.0,7433.0
MD12-3396Cq,-47.73133,86.69517,11924.0,292.0,11116.0,90.0,10207.0
MD12-3396Cq,-47.73133,86.69517,12902.0,362.0,11711.0,98.0,11004.0
MD12-3396Cq,-47.73133,86.69517,13423.0,325.0,12094.0,97.0,11537.0
MD12-3396Cq,-47.73133,86.69517,14689.0,282.0,13328.0,120.0,12460.0
MD12-3396Cq,-47.73133,86.69517,18352.0,307.0,16468.0,156.0,15224.0
MD12-3396Cq,-47.73133,86.69517,27653.0,850.0,25746.0,317.0,23358.0
MD12-3396Cq,-47.73133,86.69517,34093.0,500.0,31549.0,1151.0,29443.0
MD12-3396Cq,-47.73133,86.69517,947.0,165.0,1835.0,61.0,1036.0
MD12-3396Cq,-47.73133,86.69517,947.0,165.0,1835.0,61.0,1036.0
MD12-3396Cq,-47.73133,86.69517,1825.0,230.0,2495.0,63.0,1902.0
MD12-3396Cq,-47.73133,86.69517,2306.0,301.0,2839.0,62.0,2233.0
MD12-3396Cq,-47.73133,86.69517,2958.0,217.0,3434.0,66.0,2846.0
MD12-3396Cq,-47.73133,86.69517,4159.0,281.0,4394.0,69.0,3820.0
MD12-3396Cq,-47.73133,86.69517,5267.0,270.0,4985.0,70.0,4484.0
MD12-3396Cq,-47.73133,86.69517,6028.0,271.0,5814.0,74.0,5324.8
MD12-3396Cq,-47.73133,86.69517,7275.0,331.0,6584.0,77.0,6371.0
MD12-3396Cq,-47.73133,86.69517,7637.0,204.0,7423.0,82.0,6794.6
MD12-3396Cq,-47.73133,86.69517,7933.0,205.0,7487.0,80.0,7082.200000000001
MD12-3396Cq,-47.73133,86.69517,8270.0,255.0,7929.0,85.0,7417.0
MD12-3396Cq,-47.73133,86.69517,8975.0,292.0,8472.0,91.0,7970.0
MD12-3396Cq,-47.73133,86.69517,9405.0,340.0,9085.0,90.0,8327.0
MD12-3396Cq,-47.73133,86.69517,10254.0,422.0,10124.0,109.0,9162.800000000001
MD12-3396Cq,-47.73133,86.69517,11114.0,291.0,10567.0,102.0,9657.0
MD12-3396Cq,-47.73133,86.69517,11483.0,253.0,10921.0,107.0,10018.0
MD12-3396Cq,-47.73133,86.69517,11750.0,254.0,11256.0,111.0,10121.0
MD12-3396Cq,-47.73133,86.69517,11780.0,257.0,11139.0,107.0,10141.0
MD12-3396Cq,-47.73133,86.69517,12084.0,330.0,11069.0,110.0,10337.0
MD12-3396Cq,-47.73133,86.69517,13005.0,337.0,11838.0,115.0,11062.0
MD12-3396Cq,-47.73133,86.69517,13706.0,294.0,12422.0,60.0,11825.0
MD12-3396Cq,-47.73133,86.69517,14206.0,303.0,12833.0,123.0,12306.0
MD12-3396Cq,-47.73133,86.69517,14299.0,281.0,12797.0,138.0,12342.0
MD12-3396Cq,-47.73133,86.69517,14299.0,281.0,12797.0,138.0,12342.0
MD12-3396Cq,-47.73133,86.69517,14603.0,277.0,13109.0,137.0,12467.0
MD12-3396Cq,-47.73133,86.69517,14603.0,277.0,13109.0,137.0,12467.0
MD12-3396Cq,-47.73133,86.69517,14906.0,307.0,13412.0,132.0,12512.0
MD12-3396Cq,-47.73133,86.69517,15805.0,488.0,14399.0,144.0,13182.0
MD12-3396Cq,-47.73133,86.69517,17652.0,458.0,15517.0,173.0,14461.0
MD12-3396Cq,-47.73133,86.69517,18034.0,353.0,16267.0,176.0,14698.0
MD12-3396Cq,-47.73133,86.69517,18455.0,308.0,16106.000000000002,205.0,15210.0
MD12-3396Cq,-47.73133,86.69517,18642.0,330.0,17039.0,190.0,15239.0
MD12-3396Cq,-47.73133,86.69517,19594.0,713.0,17833.0,200.0,16300.0
MD12-3396Cq,-47.73133,86.69517,19594.0,713.0,17833.0,200.0,16300.0
MD12-3396Cq,-47.73133,86.69517,21381.0,919.0,18879.0,235.0,17649.0
MD12-3396Cq,-47.73133,86.69517,22381.0,1041.0,19992.0,266.0,18454.0
MD12-3396Cq,-47.73133,86.69517,25465.0,959.0,22688.0,356.0,21106.0
MD12-3396Cq,-47.73133,86.69517,25906.0,842.0,23494.0,390.0,21623.0
MD12-3396Cq,-47.73133,86.69517,26003.0,887.0,22244.0,340.0,21860.0
MD04-2829CQ,58.9,-9.6,18484.96095,200.0,16602.57143,150.0,15167.0
MD04-2829CQ,58.9,-9.6,19380.58774,200.0,17196.90625,150.0,16018.0
MD04-2829CQ,58.9,-9.6,20297.81212,200.0,17920.5,150.0,16776.0
MD04-2829CQ,58.9,-9.6,20921.08944,200.0,18619.5,150.0,17363.0
MD04-2829CQ,58.9,-9.6,22986.89602,200.0,20384.61538,150.0,19074.0
MD04-2829CQ,58.9,-9.6,23400.46384,200.0,20665.333329999998,150.0,19497.0
MD04-2829CQ,58.9,-9.6,25172.456860000002,200.0,22292.25,150.0,20868.0
MD04-2829CQ,58.9,-9.6,27921.50549,200.0,24688.0,150.0,23920.0
MD04-2829CQ,58.9,-9.6,28981.67621,200.0,26045.347830000002,150.0,24712.0
gh02-1030,42.23,144.21,10166.0,61.0,9840.0,40.0,8932.800000000001
gh02-1030,42.23,144.21,10650.0,87.0,10240.0,60.0,9404.0
gh02-1030,42.23,144.21,11068.5,78.0,10510.0,60.0,9584.9
gh02-1030,42.23,144.21,11288.0,71.0,10690.0,60.0,9935.0
gh02-1030,42.23,144.21,11721.0,100.0,10950.0,60.0,10090.0
gh02-1030,42.23,144.21,13882.0,104.0,12900.0,70.0,12057.0
gh02-1030,42.23,144.21,14272.0,97.0,13270.0,70.0,12327.0
gh02-1030,42.23,144.21,14432.0,121.0,13060.0,70.0,12399.0
gh02-1030,42.23,144.21,14913.0,65.0,13470.0,40.0,12515.0
gh02-1030,42.23,144.21,16867.0,243.0,15090.0,50.0,13852.0
gh02-1030,42.23,144.21,16976.0,78.0,15010.0,80.0,13922.0
gh02-1030,42.23,144.21,17124.0,66.0,15140.0,60.0,14143.0
gh02-1030,42.23,144.21,18517.0,87.0,16379.999999999998,60.0,15118.0
gh02-1030,42.23,144.21,20100.0,102.0,17780.0,70.0,16624.0
gh02-1030,42.23,144.21,21762.0,204.0,19130.0,180.0,17847.0
BO04-PC11,34.21908333,137.7117,2731.0,39.0,3180.0,40.0,2573.0
BO04-PC11,34.21908333,137.7117,8690.0,62.0,8430.0,40.0,7906.0
BO04-PC11,34.21908333,137.7117,13360.0,62.0,12120.0,60.0,11519.0
BO04-PC11,34.21908333,137.7117,18482.0,78.0,16640.0,60.0,15172.0
BO04-PC11,34.21908333,137.7117,19071.0,97.0,17210.0,80.0,15807.0
AII125-8-55,27.47,-112.1,2729.0,31.0,3420.0,35.0,2572.0
AII125-8-55,27.47,-112.1,4343.0,50.0,4710.0,40.0,3875.0
AII125-8-55,27.47,-112.1,5463.0,54.0,5610.0,45.0,4701.2
AII125-8-56,27.47,-112.1,5483.0,63.0,5630.0,60.0,4775.400000000001
AII125-8-56,27.47,-112.1,9540.0,79.0,9355.0,70.0,8585.0
AII125-8-56,27.47,-112.1,10035.0,101.0,9705.0,75.0,8884.0
AII125-8-56,27.47,-112.1,10579.0,126.0,10125.0,80.0,9375.400000000001
AII125-8-56,27.47,-112.1,11753.0,120.0,10945.0,75.0,10127.0
AII125-8-56,27.47,-112.1,12539.0,92.0,11490.0,90.0,10516.0
AII125-8-56,27.47,-112.1,13393.0,85.0,12395.0,80.0,11511.0
AII125-8-56,27.47,-112.1,14864.0,146.0,13400.0,90.0,12496.0
AII125-8-56,27.47,-112.1,15245.0,128.0,13685.0,100.0,12779.0
AII125-8-56,27.47,-112.1,16408.0,131.0,14580.0,100.0,13607.0
AII125-8-56,27.47,-112.1,16786.0,121.0,14870.0,100.0,13823.0
B34-91,49.142,150.337,19457.0,101.0,17200.0,80.0,16085.999999999998
Nesmeyanov25-1-GGC15,48.608,150.428,19733.0,99.0,17650.0,80.0,16353.000000000002
Nesmeyanov25-1-GGC18,48.752,150.431,18163.0,144.0,16250.0,120.0,14766.0
Nesmeyanov25-1-GGC20,48.874,150.432,19367.0,119.0,17350.0,100.0,16010.000000000002
Nesmeyanov25-1-GGC27,49.601,150.18,18695.0,223.0,16750.0,200.0,15348.0
KNR140-26GGC,29.7,-73.4,19185.0,118.0,16650.0,100.0,15930.0
KNR140-43GGC,32.02,-76.07,21250.0,140.0,18350.0,95.0,17575.0
KNR140-50GGC,32.75,-76.23,12578.0,45.0,11200.0,50.0,10472.0
KNR140-51GGC,32.78,-76.28,12694.0,51.0,11350.0,65.0,10650.0
KNR140-66GGC,32.5,-76.3,12923.0,57.0,11600.0,50.0,11032.0
KNR140-01JPC,32.38,-76.38,12869.0,71.0,11550.0,70.0,10965.0
KNR140-12JPC,29.07,-72.9,12290.0,87.0,10950.0,55.0,10417.0
KNR140-12JPC,29.07,-72.9,18208.0,84.0,15750.0,75.0,14854.0
KNR140-22JPC,28.25,-74.4,18161.0,106.0,15700.0,95.0,14763.0
KNR140-02JPC,32.23,-76.28,12365.0,193.0,11050.0,160.0,10366.0
HU89038-8PC,33.69,-57.575,17079.0,69.0,14800.0,60.0,14078.0
HU89038-8PC,33.69,-57.575,19247.0,110.0,16700.0,90.0,15971.0
OCE326-GGC5,33.69,-57.575,17025.0,75.0,14750.0,65.0,13981.0
64-480,27.9,-111.65,19617.0,159.0,17000.0,130.0,16340.0
KNR73-3PC,-0.374,-106.179,3290.0,22.0,3555.0,15.0,3074.0
KNR73-3PC,-0.374,-106.179,6909.0,30.0,6620.0,25.0,6062.8
KNR73-3PC,-0.374,-106.179,17001.0,96.0,14727.5,80.0,13948.0
KNR73-3PC,-0.374,-106.179,25752.0,186.0,22380.0,190.0,21373.0
KNR73-3PC,-0.374,-106.179,28878.0,269.0,25520.0,250.0,24660.0
KNR73-4PC,1.848,-110.268,5323.0,21.0,5170.0,15.0,4648.799999999999
KNR73-4PC,1.848,-110.268,6753.0,32.0,6487.5,25.0,5954.2
KNR73-4PC,1.848,-110.268,13332.0,49.0,12010.0,45.0,11479.0
KNR73-4PC,1.848,-110.268,18019.0,77.0,15550.0,75.0,14692.0
KNR73-4PC,1.848,-110.268,24029.0,150.0,20830.0,140.0,20031.0
KNR73-4PC,1.848,-110.268,26781.0,142.0,23365.0,120.0,22356.0
KNR73-6PG,4.002,-114.187,19189.0,85.0,16650.0,65.0,15934.0
ME0005-24JC,0.022,-86.463,17721.0,98.0,15300.0,70.0,14465.0
ME0005-24JC,0.022,-86.463,21327.0,144.0,18400.0,95.0,17588.0
PLDS-007G,-3.338,-102.453,16271.999999999998,91.0,14150.0,70.0,13492.0
PLDS-007G,-3.338,-102.453,18932.0,129.0,16425.0,120.0,15696.0
PLDS-007G,-3.338,-102.453,20436.0,141.0,17675.0,120.0,16889.0
RNDB-PC11,51.073,168.975,13963.0,66.0,13100.0,50.0,12001.0
RNDB-PC13,49.725,168.312,10714.0,64.0,10450.0,40.0,9481.0
RNDB-PC13,49.725,168.312,13846.0,89.0,13000.0,70.0,12012.0
RNDB-PC13,49.725,168.312,13902.0,61.0,13050.0,50.0,12066.0
S67-FFC15,-1.608,162.558,13329.0,203.0,12000.0,190.0,11476.0
S67-FFC15,-1.608,162.558,25185.0,228.0,21800.0,210.0,20885.0
VNTR01-10GC,-4.507,-102.015,16303.0,70.0,14175.0,55.0,13519.0
VNTR01-10GC,-4.507,-102.015,25617.0,88.0,22200.0,90.0,21174.0
KNR140-39GGC,31.66666667,-75.41666667,1364.0,39.0,1980.0,35.0,1493.0
KNR140-39GGC,31.66666667,-75.41666667,6907.0,49.0,6620.0,40.0,6062.400000000001
KNR140-39GGC,31.66666667,-75.41666667,12696.0,35.0,11350.0,50.0,10652.0
KNR140-39GGC,31.66666667,-75.41666667,19487.0,94.0,16900.0,75.0,16120.000000000002
KNR140-37JPC,31.69017,-75.43,18209.0,94.0,15750.0,80.0,14856.0
KNR140-37JPC,31.69017,-75.43,21121.0,120.0,18250.0,95.0,17536.0
KNR140-37JPC,31.69017,-75.43,24537.0,155.0,21250.0,120.0,20386.0
KNR140-37JPC,31.69017,-75.43,27272.5,215.0,23900.0,250.0,22986.0
KNR140-12JPC,29.07,-72.9,17252.0,94.0,14950.0,80.0,14148.0
KNR140-12JPC,29.07,-72.9,18964.5,142.0,16450.0,130.0,15731.0
KNR178-2GC,36.1202,-72.292,19431.0,69.0,16850.0,60.0,16059.000000000002
KNR178-2GC,36.1202,-72.292,20239.0,81.0,17500.0,70.0,16727.0
KNR178-2GC,36.1202,-72.292,20352.0,65.0,17600.0,60.0,16819.0
KNR178-2GC,36.1202,-72.292,21256.0,95.0,18350.0,70.0,17576.0
KNR197-10-CDH42,43.46451667,-54.75573333,17717.0,125.0,15300.0,95.0,14464.0
KNR197-10-CDH42,43.46451667,-54.75573333,18319.0,90.0,15850.0,75.0,15178.0
KNR197-10-CDH42,43.46451667,-54.75573333,19551.0,127.0,16950.0,100.0,16215.0
KNR197-10-CDH42,43.46451667,-54.75573333,19934.0,81.0,17250.0,65.0,16529.0
KNR197-10-CDH42,43.46451667,-54.75573333,21407.0,217.0,18450.0,160.0,17696.0
KNR197-10-GGC17,36.405,-48.53983333,14915.0,85.0,13100.0,60.0,12516.0
KNR197-10-GGC17,36.405,-48.53983333,20460.0,43.0,17700.0,40.0,16917.0
KNR31GPC5,33.68666667,-57.615,12421.5,375.0,11150.0,310.0,10344.0
OCE326-GGC14,43.07,-55.83,13844.0,90.0,12450.0,70.0,12011.0
OCE326-GGC14,43.07,-55.83,14106.0,89.0,12650.0,60.0,12236.0
OCE326-GGC14,43.07,-55.83,14257.0,98.0,12750.0,55.0,12324.0
OCE326-GGC14,43.07,-55.83,15557.0,101.0,13600.0,75.0,12975.0
146-893A,34.28,-120.03,1006.9999999999999,60.0,1850.0,60.0,1135.0
146-893A,34.28,-120.03,1721.0,86.0,2520.0,70.0,1834.0
146-893A,34.28,-120.03,2988.0,89.0,3555.0,70.0,2865.0
146-893A,34.28,-120.03,4577.0,73.0,4800.0,50.0,4104.0
146-893A,34.28,-120.03,6197.0,77.0,6200.0,70.0,5377.2
146-893A,34.28,-120.03,8294.0,99.0,8235.0,90.0,7436.0
146-893A,34.28,-120.03,9362.0,184.0,9100.0,150.0,8316.0
146-893A,34.28,-120.03,10647.0,130.0,10080.0,80.0,9395.0
146-893A,34.28,-120.03,10855.0,126.0,10210.0,90.0,9573.0
146-893A,34.28,-120.03,10925.0,101.0,10260.0,70.0,9616.0
146-893A,34.28,-120.03,12913.0,230.0,11810.0,240.0,11020.0
146-893A,34.28,-120.03,13430.0,74.0,12340.0,70.0,11541.0
146-893A,34.28,-120.03,14331.0,265.0,12990.0,170.0,12378.0
146-893A,34.28,-120.03,16412.0,170.0,14490.0,130.0,13609.0
146-893A,34.28,-120.03,17099.0,291.0,15040.0,230.0,14114.0
146-893A,34.28,-120.03,17725.0,172.0,15550.0,140.0,14467.0
146-893A,34.28,-120.03,18917.0,212.0,16630.0,190.0,15677.0
146-893A,34.28,-120.03,19607.0,176.0,17220.0,140.0,16324.000000000002
146-893A,34.28,-120.03,28647.0,270.0,25530.0,260.0,24346.0
DAPC2,58.97,-9.61,3672.0,200.0,3740.0,55.0,3395.0
DAPC2,58.97,-9.61,9238.0,200.0,8590.0,90.0,8224.8
DAPC2,58.97,-9.61,11833.170989999999,200.0,10830.0,90.0,10199.0
DAPC2,58.97,-9.61,12760.90992,200.0,11380.0,110.0,10876.0
DAPC2,58.97,-9.61,15379.19292,200.0,13410.0,130.0,12896.0
DAPC2,58.97,-9.61,16004.950149999999,200.0,14400.0,110.0,13313.0
DAPC2,58.97,-9.61,16148.09016,200.0,14900.0,110.0,13403.0
DAPC2,58.97,-9.61,16410.39673,200.0,15330.0,100.0,13608.0
DAPC2,58.97,-9.61,16562.53209,200.0,15390.0,130.0,13696.0
DAPC2,58.97,-9.61,16996.02111,200.0,15400.0,170.0,13943.0
DAPC2,58.97,-9.61,17155.162350000002,200.0,15560.0,140.0,14158.0
DAPC2,58.97,-9.61,18037.76161,200.0,16430.0,130.0,14699.0
DAPC2,58.97,-9.61,19532.75967,200.0,17310.0,130.0,16184.000000000002
DAPC2,58.97,-9.61,20177.08224,200.0,17870.0,130.0,16682.0
DAPC2,58.97,-9.61,22424.33543,200.0,19730.0,140.0,18535.0
DAPC2,58.97,-9.61,22974.254210000003,200.0,20280.0,150.0,19043.0
DAPC2,58.97,-9.61,23320.09804,200.0,20450.0,170.0,19396.0
DAPC2,58.97,-9.61,23929.500010000003,200.0,21410.0,200.0,19988.0
DAPC2,58.97,-9.61,25015.09809,200.0,21860.0,190.0,20720.0
DAPC2,58.97,-9.61,25646.698529999998,200.0,23660.0,210.0,21214.0
DAPC2,58.97,-9.61,26270.513489999998,200.0,23950.0,220.0,21981.0
MV99-GC38,23.22,-111.08,11460.0,25.0,11450.0,35.0,10008.0
MV99-GC38,23.22,-111.08,11550.0,25.0,11340.0,35.0,10032.0
MV99-GC38,23.22,-111.08,11700.0,30.0,11910.0,35.0,10086.0
MV99-GC38,23.22,-111.08,12570.0,326.0,11875.0,30.0,10472.0
MV99-GC38,23.22,-111.08,13620.0,175.0,13030.0,30.0,11845.0
MV99-GC38,23.22,-111.08,13910.0,95.0,13090.0,30.0,12062.0
MV99-GC38,23.22,-111.08,14380.0,75.0,13715.0,40.0,12397.0
MV99-GC38,23.22,-111.08,14490.0,116.5,13895.0,30.0,12417.0
MV99-GC38,23.22,-111.08,14580.0,105.0,13755.0,30.0,12458.0
MV99-GC38,23.22,-111.08,14700.0,50.0,13845.0,30.0,12445.0
MV99-GC38,23.22,-111.08,15550.0,365.0,14630.0,40.0,12969.0
MV99-GC38,23.22,-111.08,16640.0,350.0,15090.0,40.0,13755.0
MV99-GC38,23.22,-111.08,17100.0,205.0,15300.0,30.0,14116.0
MV99-GC38,23.22,-111.08,18190.0,310.0,15735.0,40.0,14812.0
MV99-GC38,23.22,-111.08,18940.0,280.0,16210.0,40.0,15706.0
MV99-GC38,23.22,-111.08,19940.0,316.0,17415.0,40.0,16534.0
MV99-GC38,23.22,-111.08,20760.0,265.0,18270.0,50.0,17155.0
MV99-GC38,23.22,-111.08,22250.0,375.0,19440.0,50.0,18281.0
MV99-GC38,23.22,-111.08,24550.0,515.0,21210.0,60.0,20397.0
MV99-GC38,23.22,-111.08,31150.0,225.5,26360.0,190.0,27094.0
MV99-MC17/GC32/PC10,23.61,-111.56,12430.0,210.0,12825.0,45.0,10363.0
MV99-MC17/GC32/PC10,23.61,-111.56,13200.0,385.0,13035.0,50.0,11356.0
MV99-MC17/GC32/PC10,23.61,-111.56,13440.0,115.0,12820.0,50.0,11547.0
MV99-MC17/GC32/PC10,23.61,-111.56,13630.0,85.0,13045.0,35.0,11826.0
MV99-MC17/GC32/PC10,23.61,-111.56,13810.0,70.0,13055.0,35.0,12013.0
MV99-MC17/GC32/PC10,23.61,-111.56,13940.0,109.5,13425.0,45.0,12020.0
MV99-MC17/GC32/PC10,23.61,-111.56,14100.0,50.0,13335.0,50.0,12228.0
MV99-MC17/GC32/PC10,23.61,-111.56,14260.0,55.0,13380.0,60.0,12325.0
MV99-MC17/GC32/PC10,23.61,-111.56,14430.0,130.5,13285.0,35.0,12398.0
MV99-MC17/GC32/PC10,23.61,-111.56,14600.0,166.5,13155.0,35.0,12466.0
MV99-MC17/GC32/PC10,23.61,-111.56,14860.0,149.0,14330.0,40.0,12494.0
MV99-MC17/GC32/PC10,23.61,-111.56,16430.0,1061.0,13625.0,40.0,13618.0
MV99-MC17/GC32/PC10,23.61,-111.56,17230.0,1569.0,16530.0,70.0,14149.0
MV99-MC17/GC32/PC10,23.61,-111.56,17920.0,1746.0,17200.0,70.0,14635.0
MV99-MC17/GC32/PC10,23.61,-111.56,18710.0,1240.0,15160.0,60.0,15369.0
MV99-MC17/GC32/PC10,23.61,-111.56,19480.0,745.0,16720.0,70.0,16111.0
MV99-MC17/GC32/PC10,23.61,-111.56,20250.0,298.0,17440.0,60.0,16736.0
MV99-MC17/GC32/PC10,23.61,-111.56,22300.0,800.0,19580.0,80.0,18332.0
MV99-MC17/GC32/PC10,23.61,-111.56,25680.0,1533.0,22940.0,190.0,21265.0
MV99-MC17/GC32/PC10,23.61,-111.56,11950.0,115.0,12230.0,45.0,10281.0
W8709A-13,42.12,-125.75,8157.999999999999,110.0,8200.0,40.0,7290.0
W8709A-13,42.12,-125.75,8680.0,103.0,8680.0,60.0,7903.0
W8709A-13,42.12,-125.75,9016.5,100.0,8895.0,40.0,8114.900000000001
W8709A-13,42.12,-125.75,9565.5,98.0,9400.0,80.0,8701.4
W8709A-13,42.12,-125.75,9837.0,102.0,9580.0,70.0,8809.0
W8709A-13,42.12,-125.75,10365.0,117.0,9940.0,70.0,9201.0
W8709A-13,42.12,-125.75,11288.0,122.0,10610.0,80.0,9935.0
W8709A-13,42.12,-125.75,11751.5,84.0,11005.0,40.0,10124.0
W8709A-13,42.12,-125.75,11913.0,127.0,10985.0,40.0,10211.0
W8709A-13,42.12,-125.75,12619.0,130.0,11615.0,45.0,10570.0
W8709A-13,42.12,-125.75,13043.0,73.0,12035.0,45.0,11054.0
W8709A-13,42.12,-125.75,13510.0,105.0,12510.0,60.0,11689.0
W8709A-13,42.12,-125.75,14260.0,131.0,13080.0,35.0,12325.0
W8709A-13,42.12,-125.75,15348.0,116.0,13770.0,35.0,12880.0
W8709A-13,42.12,-125.75,15659.0,107.0,14015.0,35.0,13064.0
W8709A-13,42.12,-125.75,16280.000000000002,70.0,14490.0,35.0,13498.0
W8709A-13,42.12,-125.75,16536.0,56.0,14690.0,35.0,13675.0
W8709A-13,42.12,-125.75,16782.0,79.0,14840.0,45.0,13822.0
W8709A-13,42.12,-125.75,17205.0,111.0,15260.0,35.0,14153.0
W8709A-13,42.12,-125.75,17532.5,76.0,15500.0,40.0,14456.0
W8709A-13,42.12,-125.75,17745.0,168.0,15620.0,35.0,14474.0
W8709A-13,42.12,-125.75,20368.0,283.0,17940.0,45.0,16831.0
W8709A-13,42.12,-125.75,22355.5,230.0,19640.0,60.0,18409.0
KNR159-5-78GGC,-27.48333333,-46.33333333,640.0,10.0,1235.0,15.0,626.0
KNR159-5-78GGC,-27.48333333,-46.33333333,6012.0,24.0,5810.0,15.0,5309.8
KNR159-5-78GGC,-27.48333333,-46.33333333,7808.0,22.0,7530.0,20.0,6989.0
KNR159-5-78GGC,-27.48333333,-46.33333333,9312.0,31.0,8800.0,25.0,8316.4
KNR159-5-78GGC,-27.48333333,-46.33333333,11364.0,38.0,10390.0,20.0,9987.0
KNR159-5-78GGC,-27.48333333,-46.33333333,13869.0,49.0,12475.0,35.0,12038.0
KNR159-5-78GGC,-27.48333333,-46.33333333,14141.0,53.0,12685.0,35.0,12256.0
KNR159-5-78GGC,-27.48333333,-46.33333333,15336.0,55.0,13435.0,40.0,12871.0
KNR159-5-78GGC,-27.48333333,-46.33333333,15801.0,50.0,13785.0,35.0,13179.0
KNR159-5-78GGC,-27.48333333,-46.33333333,16189.0,66.0,14085.0,54.0,13429.0
KNR159-5-78GGC,-27.48333333,-46.33333333,17267.0,74.0,14960.0,60.0,14152.0
KNR159-5-78GGC,-27.48333333,-46.33333333,17367.0,96.0,15040.0,70.0,14275.0
KNR159-5-78GGC,-27.48333333,-46.33333333,17808.0,61.0,15360.0,50.0,14523.0
KNR159-5-78GGC,-27.48333333,-46.33333333,18184.0,67.0,15723.0,72.0,14800.0
KNR159-5-78GGC,-27.48333333,-46.33333333,18676.0,50.0,16160.0,60.0,15316.0
KNR159-5-78GGC,-27.48333333,-46.33333333,19248.0,86.0,16700.0,70.0,15971.0
KNR159-5-78GGC,-27.48333333,-46.33333333,19594.0,76.0,16990.0,60.0,16300.0
MD77-176,14.5,93.11667,2651.0,146.0,3060.0,60.0,2462.0
MD77-176,14.5,93.11667,5294.0,157.5,5120.0,70.0,4538.2
MD77-176,14.5,93.11667,7276.0,149.0,6960.0,80.0,6372.200000000001
MD77-176,14.5,93.11667,10016.0,144.0,9350.0,45.0,8900.800000000001
MD77-176,14.5,93.11667,12107.0,221.25,10950.0,90.0,10373.0
MD77-176,14.5,93.11667,12861.0,148.0,11450.0,90.0,10980.0
MD77-176,14.5,93.11667,14605.0,271.25,12910.0,110.0,12468.0
MD77-176,14.5,93.11667,17227.0,232.75,14880.0,70.0,14149.0
MD77-176,14.5,93.11667,18773.0,199.5,16420.0,70.0,15441.0
MD77-176,14.5,93.11667,19456.0,253.0,16660.0,120.0,16085.0
MD77-176,14.5,93.11667,26722.0,283.75,23420.0,140.0,22374.0
146-893A,34.28,-120.03,15518.0,377.0,13800.0,280.0,12947.0
146-893A,34.28,-120.03,16670.0,169.0,14690.0,140.0,13774.0
146-893A,34.28,-120.03,16722.0,217.0,14740.0,180.0,13801.0
146-893A,34.28,-120.03,16976.0,191.0,14940.0,160.0,13922.0
146-893A,34.28,-120.03,17372.0,80.0,15280.0,60.0,14284.0
146-893A,34.28,-120.03,17974.0,145.0,15750.0,130.0,14670.0
146-893A,34.28,-120.03,18053.0,155.0,15830.0,140.0,14705.0
LV29-114-3,49.36666667,152.8833333,9650.0,71.0,9630.0,50.0,8693.0
LV29-114-3,49.36666667,152.8833333,10833.0,86.0,10465.0,50.0,9598.4
LV29-114-3,49.36666667,152.8833333,13113.0,54.0,12290.0,55.0,11220.0
LV29-114-3,49.36666667,152.8833333,14147.0,89.0,13180.0,60.0,12259.0
LV29-114-3,49.36666667,152.8833333,15953.0,105.0,14400.0,80.0,13270.0
LV29-114-3,49.36666667,152.8833333,16890.0,94.0,15130.0,80.0,13862.0
SO178-13-6,52.71666667,144.7,14532.0,176.0,13390.0,100.0,12436.0
SO178-13-6,52.71666667,144.7,15985.0,61.0,14420.0,45.0,13296.0
SO178-13-6,52.71666667,144.7,16850.0,73.0,15090.0,60.0,13844.0
SO201-2-101,58.86666667,170.6833333,13653.0,63.0,12600.0,55.0,11819.0
SO201-2-101,58.86666667,170.6833333,16918.0,68.0,14950.0,60.0,13878.0
SO201-2-101,58.86666667,170.6833333,19629.0,147.0,17310.0,120.0,16358.0
SO201-2-12KL,53.98333333,162.3666667,11266.0,83.0,10800.0,65.0,9903.2
SO201-2-12KL,53.98333333,162.3666667,13321.0,55.0,12500.0,50.0,11466.0
SO201-2-12KL,53.98333333,162.3666667,13771.0,74.0,12900.0,50.0,11889.0
SO201-2-12KL,53.98333333,162.3666667,15291.0,74.0,13900.0,55.0,12826.0
SO201-2-77,56.31666667,170.6833333,11115.0,41.0,10450.0,40.0,9658.0
SO201-2-77,56.31666667,170.6833333,12579.0,45.0,11500.0,50.0,10473.0
SO201-2-77,56.31666667,170.6833333,14567.0,101.0,13200.0,45.0,12453.0
SO201-2-85,57.5,170.4,11110.0,70.0,10450.0,55.0,9653.0
SO201-2-85,57.5,170.4,15489.0,105.0,13850.0,80.0,12931.0
SO201-2-85,57.5,170.4,19674.0,80.0,17350.0,65.0,16384.0
SO202/1_18-6,60.11666667,-179.4333333,11657.0,40.0,10850.0,25.0,10097.0
SO202/1_18-6,60.11666667,-179.4333333,11802.0,81.0,10950.0,55.0,10121.0
SO202/1_18-6,60.11666667,-179.4333333,12116.5,111.0,11150.0,65.0,10368.0
SO202/1_18-6,60.11666667,-179.4333333,12866.0,63.0,11850.0,60.0,10969.0
JT96-09PC,48.91,-126.9,10013.0,97.0,9760.0,70.0,8895.4
JT96-09PC,48.91,-126.9,12463.0,134.0,11500.0,110.0,10403.0
JT96-09PC,48.91,-126.9,13079.0,122.0,12460.0,120.0,11098.0
JT96-09PC,48.91,-126.9,13259.0,87.0,12640.0,90.0,11396.0
JT96-09PC,48.91,-126.9,14205.0,131.0,13410.0,80.0,12305.0
JT96-09PC,48.91,-126.9,14398.0,146.0,13520.0,70.0,12396.0
JT96-09PC,48.91,-126.9,15345.0,92.0,14140.0,70.0,12878.0
JT96-09PC,48.9,-126.9,10430.0,200.0,9760.0,70.0,9252.0
JT96-09PC,48.9,-126.9,10555.5,379.75,9360.0,240.0,9319.699999999999
JT96-09PC,48.9,-126.9,11425.0,348.5,11500.0,110.0,10037.0
JT96-09PC,48.9,-126.9,12115.0,324.75,12460.0,120.0,10371.0
JT96-09PC,48.9,-126.9,12709.5,316.625,12640.0,90.0,10676.0
JT96-09PC,48.9,-126.9,14468.0,311.625,13410.0,80.0,12409.0
JT96-09PC,48.9,-126.9,14786.0,321.75,13520.0,70.0,12391.0
JT96-09PC,48.9,-126.9,15612.0,366.0,14140.0,70.0,13023.0
KR02-15-PC06,40.4,143.5,4816.0,335.25,5170.0,60.0,4172.0
KR02-15-PC06,40.4,143.5,5047.0,86.0,5170.0,60.0,4458.599999999999
KR02-15-PC06,40.4,143.5,7154.0,94.0,7070.0,90.0,6171.0
KR02-15-PC06,40.4,143.5,7327.8,255.5,7070.0,90.0,6428.4
KR02-15-PC06,40.4,143.5,8061.999999999999,59.0,8010.0,60.0,7322.4
KR02-15-PC06,40.4,143.5,8319.2,297.45,8010.0,60.0,7451.7
KR02-15-PC06,40.4,143.5,11387.0,123.0,10610.0,90.0,9949.0
KR02-15-PC06,40.4,143.5,11393.0,300.20000000000005,10610.0,90.0,9968.199999999999
KR02-15-PC06,40.4,143.5,11771.0,111.0,10860.0,70.0,10149.0
KR02-15-PC06,40.4,143.5,12195.2,299.425,10860.0,70.0,10391.0
KR02-15-PC06,40.4,143.5,13911.0,407.25,13470.0,70.0,12061.0
KR02-15-PC06,40.4,143.5,14395.0,405.25,13530.0,70.0,12396.0
KR02-15-PC06,40.4,143.5,15088.0,87.0,13470.0,70.0,12648.0
KR02-15-PC06,40.4,143.5,15164.0,89.0,13530.0,70.0,12718.0
KR02-15-PC06,40.4,143.5,18630.0,200.0,12900.0,700.0,15210.0
SU90-08,43.05,-30.03333,2084.0,200.0,3097.0,55.0,2109.0
SU90-08,43.05,-30.03333,2084.0,200.0,3407.0,61.0,2109.0
SU90-08,43.05,-30.03333,3312.0,200.0,3319.0,56.0,3044.0
SU90-08,43.05,-30.03333,3312.0,200.0,3564.0,60.0,3044.0
SU90-08,43.05,-30.03333,4959.0,200.0,4760.0,62.0,4381.0
SU90-08,43.05,-30.03333,4959.0,200.0,4558.0,61.0,4381.0
SU90-08,43.05,-30.03333,6637.0,200.0,6520.0,70.0,5809.8
SU90-08,43.05,-30.03333,6637.0,200.0,5845.0,69.0,5809.8
SU90-08,43.05,-30.03333,10189.0,200.0,9372.0,89.0,8983.4
SU90-08,43.05,-30.03333,10189.0,200.0,9320.0,82.0,8983.4
SU90-08,43.05,-30.03333,11180.0,200.0,10340.0,40.0,9708.0
SU90-08,43.05,-30.03333,11658.0,200.0,11501.0,94.0,10097.0
SU90-08,43.05,-30.03333,12338.0,200.0,11749.0,97.0,10423.0
SU90-08,43.05,-30.03333,12338.0,200.0,11482.0,94.0,10423.0
SU90-08,43.05,-30.03333,13128.0,200.0,11811.0,96.0,11256.0
SU90-08,43.05,-30.03333,13128.0,200.0,11913.0,95.0,11256.0
SU90-08,43.05,-30.03333,13407.0,200.0,12460.0,109.0,11521.0
SU90-08,43.05,-30.03333,13407.0,200.0,12675.0,96.0,11521.0
SU90-08,43.05,-30.03333,13790.0,200.0,12563.0,105.0,11918.0
SU90-08,43.05,-30.03333,13790.0,200.0,12154.0,45.0,11918.0
SU90-08,43.05,-30.03333,14434.0,200.0,13548.0,113.0,12400.0
SU90-08,43.05,-30.03333,14434.0,200.0,13782.0,105.0,12400.0
SU90-08,43.05,-30.03333,16634.0,200.0,16677.0,56.0,13751.0
SU90-08,43.05,-30.03333,17550.0,200.0,17400.0,156.0,14461.0
SU90-08,43.05,-30.03333,18945.0,200.0,18432.0,164.0,15712.0
SU90-08,43.05,-30.03333,18945.0,200.0,18515.0,168.0,15712.0
SU90-08,43.05,-30.03333,19982.0,200.0,18884.0,167.0,16559.0
SU90-08,43.05,-30.03333,19982.0,200.0,18972.0,172.0,16559.0
SU90-08,43.05,-30.03333,21565.0,200.0,19467.0,198.0,17807.0
SU90-08,43.05,-30.03333,22949.0,200.0,20322.0,73.0,18978.0
SU90-08,43.05,-30.03333,23327.0,200.0,20823.0,213.0,19401.0
SU90-08,43.05,-30.03333,23511.0,200.0,20954.0,218.0,19558.0
SU90-08,43.05,-30.03333,24016.0,200.0,21429.0,85.0,20026.0
SU90-08,43.05,-30.03333,24569.0,200.0,21793.0,224.0,20415.0
SU90-08,43.05,-30.03333,24569.0,200.0,22454.0,249.0,20415.0
SU90-08,43.05,-30.03333,25248.0,200.0,23044.0,260.0,20975.0
SU90-08,43.05,-30.03333,25248.0,200.0,22757.0,245.0,20975.0
167-1019,41.68,-124.93,10260.0,149.0,9950.0,110.0,9173.0
167-1019,41.68,-124.93,10596.0,181.0,10210.0,120.0,9413.199999999999
167-1019,41.68,-124.93,12308.0,207.0,11410.0,170.0,10370.0
167-1019,41.68,-124.93,12535.0,158.0,11580.0,140.0,10529.0
167-1019,41.68,-124.93,12879.0,97.0,11950.0,110.0,10964.0
167-1019,41.68,-124.93,14632.0,203.0,13350.0,120.0,12476.0
167-1019,41.68,-124.93,16940.0,144.0,15080.0,120.0,13892.0
167-1019,41.68,-124.93,18099.0,165.0,16040.0,140.0,14721.0
167-1019,41.68,-124.93,21008.0,267.0,18550.0,210.0,17470.0
167-1019,41.68,-124.93,24069.0,329.0,21240.0,280.0,20044.0
W8709A-13,42.12,-125.75,10547.0,240.0,9960.0,230.0,9314.0
W8709A-13,42.12,-125.75,11365.0,110.0,10720.0,70.0,9987.0
W8709A-13,42.12,-125.75,12142.0,105.0,11200.0,60.0,10357.0
W8709A-13,42.12,-125.75,13827.0,86.0,12760.0,60.0,12020.0
W8709A-13,42.12,-125.75,14211.0,121.0,13000.0,90.0,12308.0
W8709A-13,42.12,-125.75,15210.0,97.0,13700.0,70.0,12751.0
W8709A-13,42.12,-125.75,15622.0,113.0,14050.0,140.0,13033.0
W8709A-13,42.12,-125.75,15785.0,129.0,14020.0,140.0,13166.0
W8709A-13,42.12,-125.75,18952.0,123.0,16710.0,120.0,15719.0
W8709A-13,42.12,-125.75,19205.5,135.0,17030.0,150.0,15948.0
W8709A-13,42.12,-125.75,24771.5,218.0,22000.0,250.0,20570.0
W8709A-13,42.12,-125.75,24988.0,227.0,21910.0,240.0,20694.0
KT89-18-P4,32.15,133.9,10446.0,179.0,9800.0,133.0,9283.0
KT89-18-P4,32.15,133.9,11707.0,169.0,10692.0,108.0,10090.0
KT89-18-P4,32.15,133.9,12851.0,90.0,11622.0,101.0,10989.0
KT89-18-P4,32.15,133.9,13711.0,116.0,12450.0,91.0,11816.0
KT89-18-P4,32.15,133.9,15225.0,148.0,13447.0,113.0,12762.0
KT89-18-P4,32.15,133.9,19821.0,538.0,17275.0,478.0,16376.999999999998
KT89-18-P4,32.15,133.9,22645.0,323.0,19655.0,303.0,18774.0
MD01-2420,36.07,141.82,2497.0,46.0,3010.0,25.0,2476.0
MD01-2420,36.07,141.82,8058.999999999999,44.0,7880.0,40.0,7321.6
MD01-2420,36.07,141.82,10122.0,53.0,9530.0,40.0,8890.2
MD01-2420,36.07,141.82,11729.0,86.0,10700.0,55.0,10091.0
MD01-2420,36.07,141.82,12427.0,76.0,11150.0,55.0,10356.0
MD01-2420,36.07,141.82,12937.0,83.0,11717.0,88.0,11047.0
MD01-2420,36.07,141.82,13373.0,52.0,12150.0,50.0,11523.0
MD01-2420,36.07,141.82,13651.0,56.0,12400.0,45.0,11816.0
MD01-2420,36.07,141.82,14972.0,221.0,13258.0,141.0,12566.0
MD01-2420,36.07,141.82,15310.0,140.0,13510.0,113.0,12846.0
MD01-2420,36.07,141.82,15824.0,69.0,13900.0,50.0,13197.0
MD01-2420,36.07,141.82,16853.0,84.0,14696.0,70.0,13845.0
MD01-2420,36.07,141.82,18863.0,145.0,16457.0,141.0,15594.0
MD01-2420,36.07,141.82,19507.0,56.0,17020.0,50.0,16146.0
MD01-2420,36.07,141.82,22527.0,72.0,19555.0,60.0,18691.0
MR06-04_PC04A,44.53,145.0,10716.0,86.0,10400.0,50.0,9482.8
MR06-04_PC04A,44.53,145.0,11256.0,51.0,10800.0,45.0,9882.4
MR06-04_PC04A,44.53,145.0,11480.0,78.0,10950.0,45.0,10019.0
MR06-04_PC04A,44.53,145.0,13024.0,60.0,12200.0,60.0,11061.0
MR06-04_PC04A,44.53,145.0,13903.0,56.0,13000.0,45.0,12066.0
MR06-04_PC04A,44.53,145.0,18608.0,111.0,16600.0,95.0,15162.0
MD02-2461,51.75,-12.92,12589.968,200.0,11032.0,39.0,10494.0
MD02-2461,51.75,-12.92,13303.979249999999,200.0,12551.0,46.0,11413.0
MD02-2461,51.75,-12.92,15181.998,200.0,11950.0,43.0,12731.0
MD02-2461,51.75,-12.92,16546.88989,200.0,14530.0,58.0,13684.0
MD02-2461,51.75,-12.92,17520.484490000003,200.0,15118.0,64.0,14452.0
MD02-2461,51.75,-12.92,19426.824090000002,200.0,15518.0,63.0,16055.0
MD02-2461,51.75,-12.92,20254.04148,200.0,15174.0,60.0,16739.0
MD02-2461,51.75,-12.92,20938.998000000003,200.0,17130.0,77.0,17389.0
MD02-2461,51.75,-12.92,21783.814150000002,200.0,18233.0,87.0,17864.0
MD02-2461,51.75,-12.92,23108.62184,200.0,18665.0,89.0,19257.0
MD02-2461,51.75,-12.92,24082.286839999997,200.0,19128.0,94.0,20048.0
MD02-2461,51.75,-12.92,24987.64916,200.0,20193.0,118.0,20694.0
MD02-2461,51.75,-12.92,25743.168,200.0,20931.0,129.0,21361.0
EW0408-26JC,57.6,-136.7,13550.0,200.0,12295.0,30.0,11701.0
EW0408-26JC,57.6,-136.7,13975.0,160.5,12855.0,40.0,12004.0
EW0408-26JC,57.6,-136.7,14267.0,143.625,13290.0,35.0,12326.0
EW0408-26JC,57.6,-136.7,14576.0,139.25,13195.0,30.0,12456.0
EW0408-26JC,57.6,-136.7,14735.0,142.375,13230.0,45.0,12381.0
EW0408-26JC,57.6,-136.7,15443.5,166.0,13840.0,40.0,12913.0
EW0408-26JC,57.6,-136.7,16772.5,206.0,15165.0,40.0,13819.0
EW0408-26JC,57.6,-136.7,11800.0,200.0,10330.0,40.0,10119.0
EW0408-87JC,58.8,-144.5,1529.0,11.5,1640.0,15.0,1626.0
EW0408-87JC,58.8,-144.5,8337.0,138.75,8520.0,20.0,7481.8
EW0408-87JC,58.8,-144.5,11393.0,98.5,10715.0,20.0,9968.199999999999
EW0408-87JC,58.8,-144.5,11733.0,73.75,10975.0,30.0,10093.0
EW0408-87JC,58.8,-144.5,12142.0,60.0,11090.0,25.0,10357.0
EW0408-87JC,58.8,-144.5,12623.0,75.25,11695.0,30.0,10588.0
EW0408-87JC,58.8,-144.5,13288.0,73.0,12460.0,40.0,11373.0
EW0408-87JC,58.8,-144.5,14205.0,114.5,13170.0,40.0,12305.0
EW0408-87JC,58.8,-144.5,14571.0,140.0,13330.0,45.0,12454.0
EW0408-87JC,58.8,-144.5,15293.0,140.25,13830.0,30.0,12828.0
EW0408-87JC,58.8,-144.5,15811.0,109.75,14290.0,40.0,13188.0
EW0408-87JC,58.8,-144.5,16134.0,116.75,14560.0,70.0,13395.0
EW0408-87JC,58.8,-144.5,16297.0,130.5,14840.0,70.0,13513.0
EW0408-87JC,58.8,-144.5,16408.0,134.5,14930.0,60.0,13607.0
EW0408-87JC,58.8,-144.5,16969.0,186.0,15060.0,45.0,13915.0
LPAZ21P,22.9,-109.5,10892.0,193.0,15730.0,270.0,9623.6
LPAZ21P,22.9,-109.5,11451.0,256.0,14090.0,60.0,10010.0
LPAZ21P,22.9,-109.5,11574.0,249.0,15630.0,80.0,10025.0
LPAZ21P,22.9,-109.5,11577.0,257.0,14950.0,80.0,10023.0
LPAZ21P,22.9,-109.5,11962.0,298.0,15630.0,90.0,10277.0
LPAZ21P,22.9,-109.5,12229.0,254.0,15280.0,100.0,10386.0
LPAZ21P,22.9,-109.5,12723.0,209.0,16155.000000000002,50.0,10709.0
LPAZ21P,22.9,-109.5,12992.0,128.0,16660.0,100.0,11050.0
LPAZ21P,22.9,-109.5,13577.0,166.0,17060.0,440.0,11689.0
LPAZ21P,22.9,-109.5,13578.0,166.0,17040.0,100.0,11693.0
LPAZ21P,22.9,-109.5,13694.0,156.0,15920.0,110.0,11836.0
LPAZ21P,22.9,-109.5,13941.0,265.0,17600.0,60.0,12019.0
LPAZ21P,22.9,-109.5,14539.0,253.0,17080.0,340.0,12439.0
LPAZ21P,22.9,-109.5,14558.0,255.0,16910.0,340.0,12448.0
LPAZ21P,22.9,-109.5,16356.000000000002,240.0,17800.0,180.0,13568.0
LPAZ21P,22.9,-109.5,16358.5,235.0,17550.0,120.0,13571.0
LPAZ21P,22.9,-109.5,16746.0,203.0,16650.0,160.0,13810.0
LPAZ21P,22.9,-109.5,18493.0,132.0,16560.0,60.0,15154.0
LPAZ21P,22.9,-109.5,18496.0,134.0,17060.0,110.0,15149.0
LPAZ21P,22.9,-109.5,20728.0,164.0,19660.0,70.0,17138.0
LPAZ21P,22.9,-109.5,20917.0,197.0,19560.0,560.0,17356.0
LPAZ21P,22.9,-109.5,21645.0,231.0,20210.0,80.0,17792.0
LPAZ21P,22.9,-109.5,22026.0,204.0,20970.0,190.0,18064.0
LPAZ21P,22.9,-109.5,22030.0,204.0,20940.0,500.0,18069.0
LPAZ21P,22.9,-109.5,23046.0,250.0,21810.0,210.0,19194.0
LPAZ21P,22.9,-109.5,24423.0,219.0,22640.0,100.0,20353.0
LPAZ21P,22.9,-109.5,26702.0,174.0,24910.0,200.0,22385.0
LPAZ21P,22.9,-109.5,26706.0,177.0,25520.0,320.0,22383.0
LPAZ21P,22.9,-109.5,27725.0,130.0,27090.0,300.0,23502.0
LPAZ21P,22.9,-109.5,29461.0,176.0,26560.0,550.0,25252.0
LPAZ21P,22.9,-109.5,31069.0,72.0,29970.0,630.0,26823.0
MD97-2106,-45.15,146.2853,25190.0,181.25,22040.0,70.0,20892.0
MD97-2106,-45.15,146.2853,25999.0,192.625,23020.0,100.0,21852.0
MD97-2106,-45.15,146.2853,26199.0,239.75,23080.0,100.0,21966.0
MD97-2106,-45.15,146.2853,27464.5,245.375,23530.0,140.0,23282.0
MD97-2106,-45.15,146.2853,28343.0,340.25,25880.0,130.0,24144.0
MD97-2106,-45.15,146.2853,29272.5,261.5,26190.0,140.0,25198.0
MD97-2106,-45.15,146.2853,29810.75,270.75,27020.0,160.0,25365.0
MD97-2106,-45.15,146.2853,30133.0,284.0,26800.0,110.0,25956.0
ML1208-01PC,21.2,-158.53,5740.5,74.875,5715.0,15.0,5017.1
ML1208-01PC,21.2,-158.53,9595.5,150.625,9650.0,30.0,8684.699999999999
ML1208-01PC,21.2,-158.53,17685.5,728.125,18000.0,250.0,14460.0
VINO19-4-GGC37,50.4,167.7,2250.0,500.0,6780.0,20.0,2209.0
VINO19-4-GGC37,50.4,167.7,4000.0,500.0,6660.0,20.0,3705.0
VINO19-4-GGC37,50.4,167.7,4500.0,500.0,6620.0,20.0,3994.0
VINO19-4-GGC37,50.4,167.7,6500.0,500.0,6830.0,20.0,5743.0
VINO19-4-GGC37,50.4,167.7,8000.0,500.0,8025.0,20.0,7178.0
VINO19-4-GGC37,50.4,167.7,9750.0,500.0,8495.0,25.0,8774.0
VINO19-4-GGC37,50.4,167.7,9792.0,537.5,9310.0,25.0,8803.4
VINO19-4-GGC37,50.4,167.7,10000.0,500.0,9380.0,25.0,8872.0
VINO19-4-GGC37,50.4,167.7,10178.0,521.5,10115.0,25.0,8953.4
VINO19-4-GGC37,50.4,167.7,10250.0,500.0,9365.0,30.0,9150.0
VINO19-4-GGC37,50.4,167.7,10684.0,523.5,10170.0,25.0,9435.2
VINO19-4-GGC37,50.4,167.7,11182.0,780.0,10640.0,25.0,9712.0
VINO19-4-GGC37,50.4,167.7,11842.0,487.5,11125.0,35.0,10206.0
VINO19-4-GGC37,50.4,167.7,12509.0,417.5,11810.0,30.0,10554.0
VINO19-4-GGC37,50.4,167.7,12931.0,411.0,12015.0,30.0,11044.0
VINO19-4-GGC37,50.4,167.7,13121.0,304.0,12205.0,30.0,11243.0
VINO19-4-GGC37,50.4,167.7,13323.0,347.5,12385.0,35.0,11469.0
VINO19-4-GGC37,50.4,167.7,13458.0,272.5,12675.0,30.0,11579.0
VINO19-4-GGC37,50.4,167.7,13598.0,285.5,12725.0,35.0,11763.0
VINO19-4-GGC37,50.4,167.7,13708.0,289.5,12900.0,30.0,11822.0
VINO19-4-GGC37,50.4,167.7,13799.0,275.5,12890.0,30.0,11968.0
VINO19-4-GGC37,50.4,167.7,13889.0,302.5,13055.0,30.0,12064.0
VINO19-4-GGC37,50.4,167.7,13952.0,284.0,13010.0,30.0,12006.0
VINO19-4-GGC37,50.4,167.7,14016.0,299.0,13165.0,35.0,12057.0
VINO19-4-GGC37,50.4,167.7,14075.0,314.5,13085.0,40.0,12185.0
VINO19-4-GGC37,50.4,167.7,14134.0,321.5,13195.0,30.0,12253.0
VINO19-4-GGC37,50.4,167.7,14187.0,360.0,11260.0,30.0,12293.0
VINO19-4-GGC37,50.4,167.7,14254.0,352.5,12920.0,40.0,12324.0
VINO19-4-GGC37,50.4,167.7,14320.0,377.0,11280.0,35.0,12365.0
VINO19-4-GGC37,50.4,167.7,14399.0,373.0,12140.0,160.0,12396.0
VINO19-4-GGC37,50.4,167.7,14500.0,367.0,13270.0,90.0,12421.0
VINO19-4-GGC37,50.4,167.7,14597.0,412.5,13270.0,110.0,12465.0
VINO19-4-GGC37,50.4,167.7,15242.0,479.5,14300.0,35.0,12777.0
VINO19-4-GGC37,50.4,167.7,15961.0,590.5,13715.0,45.0,13276.0
VINO19-4-GGC37,50.4,167.7,16571.0,629.5,15020.0,45.0,13703.0
VINO19-4-GGC37,50.4,167.7,17547.0,557.0,15525.0,40.0,14460.0
VINO19-4-GGC37,50.4,167.7,18251.0,551.0,16680.0,100.0,14984.0
VINO19-4-GGC37,50.4,167.7,18648.0,513.0,16670.0,40.0,15253.0
VINO19-4-GGC37,50.4,167.7,18955.0,564.5,16970.0,60.0,15722.0
HU72-021-3,42.97166667,-59.91833333,19302.0,145.0,16750.0,120.0,15986.0
HU72-021-7,42.98,-55.25,13424.0,105.0,12100.0,95.0,11537.0
KNR140-30GGC,30.73,-74.47,13963.0,84.0,12550.0,65.0,12001.0
KNR140-39GGC,31.66666667,-75.41666667,14265.0,134.0,12750.0,75.0,12326.0
KNR140-51GGC,32.78,-76.28,11044.0,83.0,10100.0,55.0,9547.599999999999
KNR140-51GGC,32.78,-76.28,11157.0,53.0,10200.0,55.0,9665.2
KNR140-56GGC,32.93,-76.3,10594.0,76.0,9810.0,55.0,9410.6
KNR140-12JPC,29.07,-72.9,10466.0,74.0,9720.0,50.0,9239.4
PS75/104-1,-44.76917,174.5255,7482.0,850.0,7763.0,110.0,6597.8
PS75/104-1,-44.76917,174.5255,15538.0,672.0,14073.0,134.0,12960.0
PS75/104-1,-44.76917,174.5255,17282.0,596.0,14592.0,134.0,14159.0
PS75/104-1,-44.76917,174.5255,18672.0,614.0,15678.0,138.0,15308.0
PS2606-6,-53.23166,40.80166,1576.0,103.0,2400.0,105.0,1706.0
PS2606-6,-53.23166,40.80166,1787.0,108.0,2450.0,114.0,1880.0
PS2606-6,-53.23166,40.80166,2362.0,79.0,3030.0,20.0,2402.0
PS2606-6,-53.23166,40.80166,3452.5,145.0,3919.0,112.0,3238.0
PS2606-6,-53.23166,40.80166,5120.0,83.0,5220.0,25.0,4482.0
PS2606-6,-53.23166,40.80166,5412.0,50.0,5350.0,25.0,4656.4
PS2606-6,-53.23166,40.80166,6474.0,118.0,6242.0,113.0,5684.599999999999
PS2606-6,-53.23166,40.80166,7745.0,109.0,7488.0,114.0,6931.0
PS2606-6,-53.23166,40.80166,8610.0,148.0,8305.0,122.0,7873.0
PS2606-6,-53.23166,40.80166,9401.0,73.0,8940.0,30.0,8314.199999999999
PS2606-6,-53.23166,40.80166,10878.5,96.0,10050.0,30.0,9610.4
PS2606-6,-53.23166,40.80166,11400.0,140.0,10495.0,120.0,10003.0
PS2606-6,-53.23166,40.80166,12058.0,122.0,10900.0,40.0,10336.0
PS2606-6,-53.23166,40.80166,12533.5,206.0,9565.0,125.0,10534.0
PS2606-6,-53.23166,40.80166,13230.0,183.0,12600.0,90.0,11338.0
PS2606-6,-53.23166,40.80166,13314.0,190.0,12192.0,143.0,11448.0
PS2606-6,-53.23166,40.80166,13697.0,298.0,11109.0,134.0,11835.0
PS2606-6,-53.23166,40.80166,14168.5,339.0,3118.0,107.0,12277.0
PS2606-6,-53.23166,40.80166,15339.5,97.0,13900.0,60.0,12874.0
PS69/907-2,-55.00416,73.334,1951.0,295.0,2680.0,25.0,2036.0
PS69/907-2,-55.00416,73.334,6979.0,179.0,6823.0,121.0,6111.4
PS69/907-2,-55.00416,73.334,7403.0,152.0,7012.0,118.0,6417.6
PS69/907-2,-55.00416,73.334,9248.0,204.0,8820.0,35.0,8223.599999999999
PS69/907-2,-55.00416,73.334,10788.5,447.0,10350.0,40.0,9562.900000000001
PS69/907-2,-55.00416,73.334,10995.0,474.0,8907.0,121.0,9541.0
PS69/907-2,-55.00416,73.334,11203.5,204.0,10325.0,131.0,9770.2
PS69/907-2,-55.00416,73.334,11557.0,169.0,10494.0,133.0,10027.0
PS69/907-2,-55.00416,73.334,12292.5,202.0,11033.0,133.0,10411.0
PS69/907-2,-55.00416,73.334,13423.0,136.0,12606.0,141.0,11537.0
PS69/907-2,-55.00416,73.334,14120.0,255.0,13206.0,112.0,12248.0
PS69/907-2,-55.00416,73.334,16864.0,291.0,14993.0,172.0,13850.0
PS69/907-2,-55.00416,73.334,18095.0,187.0,16334.0,160.0,14720.0
PS69/907-2,-55.00416,73.334,18606.0,224.0,16613.0,135.0,15158.0
PS69/907-2,-55.00416,73.334,22597.5,228.0,19979.0,171.0,18752.0
PS69/907-2,-55.00416,73.334,23426.0,375.0,20396.0,233.0,19534.0
PS69/907-2,-55.00416,73.334,30121.0,402.0,27600.0,290.0,25938.0
PS69/907-2,-55.00416,73.334,37545.0,1236.0,34100.0,1200.0,33101.0
PS69/912-3,-50.3105,71.56766,5407.5,38.0,5200.0,25.0,4664.0
PS69/912-3,-50.3105,71.56766,7563.0,43.0,7210.0,40.0,6638.8
PS69/912-3,-50.3105,71.56766,11135.0,177.0,10384.0,122.0,9653.0
PS69/912-3,-50.3105,71.56766,11891.0,195.0,10871.0,135.0,10229.0
PS69/912-3,-50.3105,71.56766,12432.0,162.0,10970.0,134.0,10366.0
PS69/912-3,-50.3105,71.56766,14745.0,254.0,13536.0,147.0,12369.0
PS69/912-3,-50.3105,71.56766,17281.0,172.0,15398.0,153.0,14159.0
PS69/912-3,-50.3105,71.56766,17856.0,168.0,16017.0,160.0,14574.0
PS69/912-3,-50.3105,71.56766,18469.5,188.0,16300.0,220.0,15191.0
PS69/912-3,-50.3105,71.56766,19420.0,159.0,17703.0,170.0,16047.999999999998
PS69/912-3,-50.3105,71.56766,19793.0,179.0,17508.0,155.0,16354.0
PS69/912-3,-50.3105,71.56766,20676.0,405.0,17100.0,130.0,17128.0
PS69/912-3,-50.3105,71.56766,22051.5,241.0,19335.0,176.0,18095.0
PS69/912-3,-50.3105,71.56766,30054.0,339.0,27672.0,302.0,25794.0
PS69/912-3,-50.3105,71.56766,30928.5,336.0,28600.0,530.0,26576.0
PS69/912-3,-50.3105,71.56766,31641.0,520.0,28600.0,640.0,27685.0
PS69/912-3,-50.3105,71.56766,36970.0,1858.0,39800.0,5300.0,32628.0
PS69/912-3,-50.3105,71.56766,39890.5,1761.0,33500.0,2200.0,34806.0
PS69/912-4,-50.31033,71.5655,12870.0,80.0,11600.0,65.0,10963.0
PS69/912-4,-50.31033,71.5655,15717.0,250.0,14150.0,190.0,13110.0
PS69/912-4,-50.31033,71.5655,20157.0,1572.0,20379.0,307.0,16669.0
PS69/912-4,-50.31033,71.5655,21936.0,1804.0,19100.0,310.0,17974.0
PS69/912-4,-50.31033,71.5655,30621.0,1178.0,28300.0,950.0,26303.0
PS69/912-4,-50.31033,71.5655,45484.0,5068.0,41800.0,6500.0,43074.0
TR163-31,-3.62,-83.97,19264.0,292.0,16700.0,260.0,15976.0
TR163-31,-3.62,-83.97,25415.0,234.0,22030.0,250.0,21120.0
TR163-31,-3.62,-83.97,25428.0,271.0,22060.0,280.0,21117.0
TR163-31,-3.62,-83.97,27841.0,317.0,24510.0,320.0,23801.0
PC75-1,-44.23917,179.367,3525.5,121.0,3947.0,29.0,3494.0
PC75-1,-44.23917,179.367,17527.0,419.0,15371.0,319.0,14461.0
PC75-1,-44.23917,179.367,26377.0,1310.0,22904.0,1221.0,21996.0
PC75-2,-44.23917,179.367,3201.0,156.0,3670.0,20.0,3214.0
PC75-2,-44.23917,179.367,7595.5,119.0,7505.0,25.0,6952.8
PC75-2,-44.23917,179.367,9487.0,130.0,9160.0,40.0,8759.6
PC75-2,-44.23917,179.367,13361.0,126.0,12255.0,50.0,11689.0
PC75-2,-44.23917,179.367,16073.0,107.0,14175.0,45.0,13523.0
PC75-2,-44.23917,179.367,19263.0,342.0,16880.0,250.0,16149.0
MD07-3088,-46.0,-75.0,1526.5,58.0,2510.0,30.0,1621.0
MD07-3088,-46.0,-75.0,3919.0,57.0,4475.0,30.0,3616.0
MD07-3088,-46.0,-75.0,9140.0,78.0,9080.0,30.0,8228.0
MD07-3088,-46.0,-75.0,10357.0,57.0,10050.0,35.0,9202.0
MD07-3088,-46.0,-75.0,11331.0,57.0,10880.0,35.0,9956.2
MD07-3088,-46.0,-75.0,12621.0,38.0,11765.0,35.0,10579.0
MD07-3088,-46.0,-75.0,13655.0,50.0,12885.0,40.0,11823.0
MD07-3088,-46.0,-75.0,14051.0,61.0,13185.0,45.0,12132.0
MD07-3088,-46.0,-75.0,14400.5,64.0,13755.0,35.0,12396.0
MD07-3088,-46.0,-75.0,14676.5,78.0,13840.0,45.0,12473.0
MD07-3088,-46.0,-75.0,15246.0,66.0,14290.0,50.0,12780.0
MD07-3088,-46.0,-75.0,15618.0,65.0,14560.0,50.0,13029.0
MD07-3088,-46.0,-75.0,16103.000000000002,84.0,14970.0,80.0,13379.0
MD07-3088,-46.0,-75.0,16370.000000000002,58.0,15145.0,50.0,13581.0
MD07-3088,-46.0,-75.0,16676.0,65.0,15365.0,50.0,13778.0
MD07-3088,-46.0,-75.0,17260.0,81.0,15540.0,70.0,14150.0
MD07-3088,-46.0,-75.0,17723.0,64.0,16295.000000000002,50.0,14466.0
MD07-3088,-46.0,-75.0,17829.0,51.0,15990.0,50.0,14545.0
MD07-3088,-46.0,-75.0,17908.0,81.0,15755.0,45.0,14625.0
MD07-3088,-46.0,-75.0,18394.5,71.0,16320.0,45.0,15243.0
MD07-3088,-46.0,-75.0,19894.0,123.0,17610.0,50.0,16479.0
MD07-3088,-46.0,-75.0,1734.0,91.0,2510.0,30.0,1621.0
MD07-3088,-46.0,-75.0,4096.0,98.0,4475.0,30.0,3616.0
MD07-3088,-46.0,-75.0,11255.0,183.0,10880.0,35.0,9956.2
MD07-3088,-46.0,-75.0,13853.0,112.0,12885.0,40.0,11823.0
MD07-3088,-46.0,-75.0,14525.0,226.0,13755.0,35.0,12396.0
RR0503-36JPC,-39.94116667,-176.2238333,25650.0,40.0,21770.0,70.0,21219.0
RR0503-36JPC,-39.94116667,-176.2238333,25650.0,40.0,21770.0,70.0,21219.0
RR0503-64JPC,-37.42233333,177.0023333,13998.0,110.0,12720.0,45.0,12027.0
RR0503-64JPC,-37.42233333,177.0023333,17906.0,147.0,15020.0,60.0,14623.0
RR0503-64JPC,-37.42233333,177.0023333,17906.0,147.0,15245.0,40.0,14623.0
RR0503-64JPC,-37.42233333,177.0023333,13998.0,110.0,12720.0,45.0,12027.0
RR0503-64JPC,-37.42233333,177.0023333,17906.0,147.0,15020.0,60.0,14623.0
RR0503-64JPC,-37.42233333,177.0023333,17906.0,147.0,15245.0,40.0,14623.0
RR0503-79JPC,-36.95866667,176.5928333,13998.0,110.0,11895.0,35.0,12027.0
RR0503-79JPC,-36.95866667,176.5928333,13998.0,110.0,12810.0,35.0,12027.0
RR0503-79JPC,-36.95866667,176.5928333,25650.0,40.0,21250.0,60.0,21219.0
RR0503-79JPC,-36.95866667,176.5928333,25650.0,40.0,22140.0,60.0,21219.0
RR0503-79JPC,-36.95866667,176.5928333,13998.0,110.0,11895.0,35.0,12027.0
RR0503-79JPC,-36.95866667,176.5928333,13998.0,110.0,12810.0,35.0,12027.0
RR0503-79JPC,-36.95866667,176.5928333,25650.0,40.0,21250.0,60.0,21219.0
RR0503-79JPC,-36.95866667,176.5928333,25650.0,40.0,22140.0,60.0,21219.0
RR0503-83GC,-36.7375,176.6398333,8009.0,69.0,7540.0,25.0,7189.8
RR0503-83GC,-36.7375,176.6398333,8009.0,69.0,7750.0,30.0,7189.8
RR0503-83GC,-36.7375,176.6398333,8009.0,69.0,8350.0,25.0,7189.8
RR0503-83GC,-36.7375,176.6398333,8009.0,69.0,8200.0,30.0,7189.8
RR0503-83GC,-36.7375,176.6398333,17906.0,147.0,15580.0,45.0,14623.0
RR0503-83GC,-36.7375,176.6398333,17906.0,147.0,15515.0,40.0,14623.0
RR0503-83GC,-36.7375,176.6398333,17906.0,147.0,15835.0,40.0,14623.0
RR0503-83GC,-36.7375,176.6398333,17906.0,147.0,15965.0,40.0,14623.0
RR0503-83GC,-36.7375,176.6398333,8009.0,69.0,7540.0,25.0,7189.8
RR0503-83GC,-36.7375,176.6398333,8009.0,69.0,7750.0,30.0,7189.8
RR0503-83GC,-36.7375,176.6398333,8009.0,69.0,8350.0,25.0,7189.8
RR0503-83GC,-36.7375,176.6398333,8009.0,69.0,8200.0,30.0,7189.8
RR0503-83GC,-36.7375,176.6398333,17906.0,147.0,15580.0,45.0,14623.0
RR0503-83GC,-36.7375,176.6398333,17906.0,147.0,15515.0,40.0,14623.0
RR0503-83GC,-36.7375,176.6398333,17906.0,147.0,15835.0,40.0,14623.0
RR0503-83GC,-36.7375,176.6398333,17906.0,147.0,15965.0,40.0,14623.0
S794,-36.30983333,176.6398333,25650.0,40.0,19450.0,70.0,21219.0
S794,-36.30983333,176.6398333,25650.0,40.0,22020.0,80.0,21219.0
S794,-36.30983333,176.6398333,25650.0,40.0,19450.0,70.0,21219.0
S794,-36.30983333,176.6398333,25650.0,40.0,22020.0,80.0,21219.0
S931,-39.45626667,176.4183333,25650.0,40.0,20430.0,70.0,21219.0
S931,-39.45626667,176.4183333,25650.0,40.0,22200.0,80.0,21219.0
S931,-39.45626667,176.4183333,25650.0,40.0,20430.0,70.0,21219.0
S931,-39.45626667,176.4183333,25650.0,40.0,22200.0,80.0,21219.0
S938,-45.075,179.4983333,25650.0,40.0,21640.0,80.0,21219.0
S938,-45.075,179.4983333,25650.0,40.0,21640.0,80.0,21219.0
MD07-3076,-44.07,-14.2,8130.750000000001,266.328125,8390.0,40.0,7300.7
MD07-3076,-44.07,-14.2,8381.66531,200.0,8672.5,150.0,7571.3
MD07-3076,-44.07,-14.2,8974.75,452.440625,9070.0,50.0,7969.599999999999
MD07-3076,-44.07,-14.2,8974.75,452.440625,9510.0,50.0,7969.599999999999
MD07-3076,-44.07,-14.2,8974.75,452.440625,9520.0,40.0,7969.599999999999
MD07-3076,-44.07,-14.2,9619.75,555.725,9560.0,40.0,8699.1
MD07-3076,-44.07,-14.2,10279.25,549.596875,9790.0,50.0,9175.7
MD07-3076,-44.07,-14.2,10279.25,549.596875,10060.0,50.0,9175.7
MD07-3076,-44.07,-14.2,10608.75,511.446875,10300.0,45.0,9428.0
MD07-3076,-44.07,-14.2,11390.0,290.578125,10470.0,50.0,9955.0
MD07-3076,-44.07,-14.2,11390.0,290.578125,10570.0,60.0,9955.0
MD07-3076,-44.07,-14.2,11390.0,290.578125,10670.0,50.0,9955.0
MD07-3076,-44.07,-14.2,11706.104099999999,200.0,10635.0,150.0,10090.0
MD07-3076,-44.07,-14.2,11795.25,184.284375,10600.0,50.0,10120.0
MD07-3076,-44.07,-14.2,11795.25,184.284375,10730.0,50.0,10120.0
MD07-3076,-44.07,-14.2,11996.75,184.15937499999998,10790.0,50.0,10298.0
MD07-3076,-44.07,-14.2,11996.75,184.15937499999998,10820.0,50.0,10298.0
MD07-3076,-44.07,-14.2,12288.0,179.659375,11400.0,50.0,10419.0
MD07-3076,-44.07,-14.2,12944.5,176.328125,11835.0,50.0,11042.0
MD07-3076,-44.07,-14.2,13272.5,188.78125,12760.0,60.0,11382.0
MD07-3076,-44.07,-14.2,13330.0,200.0,12835.0,150.0,11477.0
MD07-3076,-44.07,-14.2,14156.0,197.06562499999998,13360.0,60.0,12266.0
MD07-3076,-44.07,-14.2,14561.5,149.14374999999998,13300.0,60.0,12450.0
MD07-3076,-44.07,-14.2,14701.25,151.9,13430.0,60.0,12443.0
MD07-3076,-44.07,-14.2,14747.01849,200.0,13452.5,150.0,12368.0
MD07-3076,-44.07,-14.2,15003.5,155.825,13520.0,110.0,12598.0
MD07-3076,-44.07,-14.2,15350.25,164.55624999999998,13260.0,60.0,12881.0
MD07-3076,-44.07,-14.2,15350.25,164.55624999999998,13380.0,60.0,12881.0
MD07-3076,-44.07,-14.2,15350.25,164.55624999999998,13380.0,70.0,12881.0
MD07-3076,-44.07,-14.2,15350.25,164.55624999999998,13440.0,60.0,12881.0
MD07-3076,-44.07,-14.2,15350.25,164.55624999999998,13450.0,60.0,12881.0
MD07-3076,-44.07,-14.2,16596.25,404.04375,15360.0,60.0,13723.0
MD07-3076,-44.07,-14.2,16596.25,404.04375,15360.0,70.0,13723.0
MD07-3076,-44.07,-14.2,16596.25,404.04375,15560.0,80.0,13723.0
MD07-3076,-44.07,-14.2,17089.5,405.21875,15650.0,180.0,14098.0
MD07-3076,-44.07,-14.2,17875.25,245.565625,16510.0,210.0,14594.0
MD07-3076,-44.07,-14.2,18246.5,197.2125,16697.77836,49.793063,14970.0
MD07-3076,-44.07,-14.2,18453.0,189.09062500000002,17030.0,200.0,15212.0
MD07-3076,-44.07,-14.2,18456.11132,200.0,16698.0,150.0,15208.0
MD07-3076,-44.07,-14.2,18647.5,184.30625,17400.0,120.0,15252.0
MD07-3076,-44.07,-14.2,19245.25,177.64374999999998,18220.0,100.0,15970.0
MD07-3076,-44.07,-14.2,19727.75,196.40312500000002,18070.0,130.0,16355.0
MD07-3076,-44.07,-14.2,20573.25,231.18125,19060.0,130.0,17081.0
MD07-3076,-44.07,-14.2,22746.0,264.16875,20580.0,130.0,18789.0
MD07-3076,-44.07,-14.2,24271.70731,200.0,21346.666670000002,150.0,20267.0
MD07-3076,-44.07,-14.2,1143.75,340.69375,2230.0,30.0,1217.0
MD07-3076,-44.07,-14.2,1918.5,673.678125,2362.015656,35.0,1968.5
MD07-3076,-44.07,-14.2,3567.25,1039.5749999999998,3725.360525,36.861007,3342.5
MD07-3076,-44.07,-14.2,4621.0,1062.084375,4905.0,35.0,4131.0
MD07-3076,-44.07,-14.2,6279.0,972.8875,6506.346943,37.395044000000006,5440.0
MD07-3076,-44.07,-14.2,6903.75,757.6031250000001,6731.742998,35.819984,6061.0
MD07-3076,-44.07,-14.2,8130.750000000001,266.328125,8390.0,40.0,7300.7
MD07-3076,-44.07,-14.2,8974.75,452.440625,9366.66667,46.66667,7969.599999999999
MD07-3076,-44.07,-14.2,10279.25,549.596875,9925.0,70.710678,9175.7
MD07-3076,-44.07,-14.2,10608.75,511.446875,10300.0,45.0,9428.0
MD07-3076,-44.07,-14.2,11390.0,290.578125,10570.0,53.33333,9955.0
MD07-3076,-44.07,-14.2,11795.25,184.284375,10665.0,70.710678,10120.0
MD07-3076,-44.07,-14.2,11996.75,184.15937499999998,10805.0,70.710678,10298.0
MD07-3076,-44.07,-14.2,12288.0,179.659375,11400.0,50.0,10419.0
MD07-3076,-44.07,-14.2,12944.5,176.328125,11835.0,50.0,11042.0
MD07-3076,-44.07,-14.2,13272.5,188.78125,12760.0,60.0,11382.0
MD07-3076,-44.07,-14.2,14156.0,197.06562499999998,13360.0,60.0,12266.0
MD07-3076,-44.07,-14.2,14156.0,197.06562499999998,13360.0,60.0,12266.0
MD07-3076,-44.07,-14.2,14561.5,149.14374999999998,13300.0,60.0,12450.0
MD07-3076,-44.07,-14.2,14701.25,151.9,13430.0,60.0,12443.0
MD07-3076,-44.07,-14.2,15003.5,155.825,13520.0,110.0,12598.0
MD07-3076,-44.07,-14.2,15350.25,164.55624999999998,13382.0,62.0,12881.0
MD07-3076,-44.07,-14.2,16596.25,404.04375,15426.666669999999,70.0,13723.0
MD07-3076,-44.07,-14.2,17089.5,405.21875,15650.0,180.0,14098.0
MD07-3076,-44.07,-14.2,17875.25,245.565625,16510.0,210.0,14594.0
MD07-3076,-44.07,-14.2,18246.5,197.2125,16698.0,50.0,14970.0
MD07-3076,-44.07,-14.2,18453.0,189.09062500000002,17030.0,200.0,15212.0
MD07-3076,-44.07,-14.2,18647.5,184.30625,17400.0,120.0,15252.0
MD07-3076,-44.07,-14.2,19245.25,177.64374999999998,18220.0,100.0,15970.0
MD07-3076,-44.07,-14.2,19727.75,196.40312500000002,18070.0,130.0,16355.0
MD07-3076,-44.07,-14.2,20573.25,231.18125,19060.0,130.0,17081.0
MD07-3076,-44.07,-14.2,22746.0,264.16875,20580.0,130.0,18789.0
MD07-3076,-44.07,-14.2,24660.75,349.80312499999997,21730.0,100.0,20511.0
MD97-2121,-40.38225,-177.9946667,1718.0,10.0,2331.0,40.0,1829.0
MD97-2121,-40.38225,-177.9946667,7027.0,170.0,6884.0,30.0,6183.0
MD97-2121,-40.38225,-177.9946667,9906.0,246.0,8812.0,36.0,8853.6
MD97-2121,-40.38225,-177.9946667,11195.0,51.0,10552.0,38.0,9743.0
MD97-2121,-40.38225,-177.9946667,14324.0,254.0,12839.0,45.0,12370.0
MD97-2121,-40.38225,-177.9946667,17845.0,380.0,15986.0,56.0,14562.0
MD97-2121,-40.38225,-177.9946667,25358.0,162.0,22322.0,85.0,21107.0
MD97-2121,-40.38225,-177.9946667,7027.0,170.0,6884.0,30.0,6183.0
MD97-2121,-40.38225,-177.9946667,9906.0,246.0,8812.0,36.0,8853.6
MD97-2121,-40.38225,-177.9946667,11195.0,51.0,10552.0,38.0,9743.0
MD97-2121,-40.38225,-177.9946667,14324.0,254.0,12839.0,45.0,12370.0
MD97-2121,-40.38225,-177.9946667,17845.0,380.0,15986.0,56.0,14562.0
MD97-2121,-40.38225,-177.9946667,25358.0,162.0,22322.0,85.0,21107.0
CD38-17P,-1.4,-90.3,18727.0,93.0,17124.0,98.0,15388.0
CD38-17P,-1.4,-90.3,19924.0,149.0,18148.0,115.0,16518.0
CHAT-10K,-40.03283333,-179.9965,22359.0,149.0,20440.0,140.0,18415.0
CHAT-16K,-42.53333333,-178.4986667,17842.0,60.0,16550.0,50.0,14559.0
CHAT-3K,-42.65983333,-167.4961667,18588.0,96.0,17235.0,77.0,15128.0
CHAT-3K,-42.65983333,-167.4961667,20358.0,71.0,18765.0,65.0,16824.0
CHAT-5K,-40.78333333,-171.549,19036.0,121.0,17688.0,107.0,15784.0
CHAT-5K,-40.78333333,-171.549,19424.0,77.0,18005.0,65.0,16052.0
GeoB2104-3,-27.285,-46.373333,18592.0,95.0,16911.0,76.0,15134.0
GeoB2104-3,-27.285,-46.373333,18718.0,64.0,17046.0,77.0,15379.0
GeoB2104-3,-27.285,-46.373333,20133.0,126.0,18249.0,107.0,16650.0
GeoB2104-3,-27.285,-46.373333,21212.0,161.0,19148.0,117.0,17566.0
MD08-3169,-23.42983333,-11.7,18047.0,78.0,16370.999999999998,78.0,14703.0
MD08-3169,-23.42983333,-11.7,18851.0,88.0,17148.0,89.0,15574.0
MD08-3169,-23.42983333,-11.7,18871.0,86.0,17171.0,85.0,15608.0
MD08-3169,-23.42983333,-11.7,20956.0,88.0,18920.0,70.0,17412.0
MD97-2121,-40.38225,-177.9946667,18870.58413,200.0,16501.0,85.0,15607.0
MD97-2121,-40.38225,-177.9946667,20468.5873,200.0,18197.0,72.0,16929.0
MD97-2121,-40.38225,-177.9946667,21160.260319999998,200.0,18691.0,71.0,17549.0
MD97-2121,-40.38225,-177.9946667,22352.8,200.0,19650.0,75.0,18405.0
MD98-2165,-9.649333333,118.3385,18307.0,102.0,16675.0,90.0,15152.0
MD98-2165,-9.649333333,118.3385,18513.0,92.0,16864.0,77.0,15124.0
MD98-2165,-9.649333333,118.3385,19492.0,106.0,17747.0,82.0,16126.000000000002
MD98-2165,-9.649333333,118.3385,21161.0,112.0,19126.0,86.0,17549.0
SK129-CR2,3.0,76.0,20774.0,96.0,18723.0,83.0,17165.0
TR163-22,0.5,-92.0,18773.0,68.0,17167.0,77.0,15441.0
TR163-22,0.5,-92.0,20326.0,124.0,18468.0,108.0,16800.0
TR163-22,0.5,-92.0,21848.0,103.0,19665.0,85.0,17914.0
TR163-31,-3.0,-84.0,17525.0,85.0,17240.0,60.0,14454.0
TR163-31,-3.0,-84.0,20088.0,106.0,19460.0,90.0,16614.0
MD04-2829CQ,58.9,-9.6,1300.0,200.0,1790.0,150.0,1396.0
MD04-2829CQ,58.9,-9.6,10900.0,200.0,9794.0,150.0,9629.0
MD04-2829CQ,58.9,-9.6,11620.0,200.0,10964.66667,150.0,10061.0
MD04-2829CQ,58.9,-9.6,13200.0,200.0,11574.0,150.0,11356.0
MD04-2829CQ,58.9,-9.6,14540.0,200.0,12686.0,150.0,12440.0
MD04-2829CQ,58.9,-9.6,15400.0,200.0,14468.400000000001,150.0,12902.0
MD04-2829CQ,58.9,-9.6,17820.0,200.0,16559.42857,150.0,14536.0
17/1GCA,-4.216333333,-37.07525,499.0,125.0,1058.0,26.0,427.0
17/1GCA,-4.216333333,-37.07525,9366.0,133.0,8879.0,53.0,8309.2
17/1GCA,-4.216333333,-37.07525,10159.0,90.0,9481.0,57.0,8927.6
17/1GCA,-4.216333333,-37.07525,11331.0,78.0,10375.0,51.0,9956.2
17/1GCA,-4.216333333,-37.07525,11467.0,88.0,10397.0,52.0,10013.0
17/1GCA,-4.216333333,-37.07525,12063.0,99.0,10870.0,56.0,10341.0
17/1GCA,-4.216333333,-37.07525,12208.0,88.0,10893.0,60.0,10415.0
17/1GCA,-4.216333333,-37.07525,12810.5,73.0,11497.0,68.0,10905.0
17/1GCA,-4.216333333,-37.07525,13071.0,88.0,11716.0,68.0,11078.0
17/1GCA,-4.216333333,-37.07525,13804.0,134.0,12424.0,80.0,11992.0
17/1GCA,-4.216333333,-37.07525,14948.0,130.0,13135.0,79.0,12541.0
17/1GCA,-4.216333333,-37.07525,15146.0,104.0,13272.0,84.0,12703.0
17/1GCA,-4.216333333,-37.07525,15818.0,106.0,13817.0,62.0,13193.0
17/1GCA,-4.216333333,-37.07525,16491.5,97.0,14309.0,76.0,13647.0
17/1GCA,-4.216333333,-37.07525,16752.0,112.0,14501.0,63.0,13812.0
17/1GCA,-4.216333333,-37.07525,18332.0,133.0,15818.0,106.0,15200.0
17/1GCA,-4.216333333,-37.07525,18602.0,136.0,16125.0,110.0,15151.0
17/1GCA,-4.216333333,-37.07525,19376.0,167.0,16783.0,86.0,16015.999999999998
17/1GCA,-4.216333333,-37.07525,22684.0,212.0,19658.0,136.0,18783.0
GS07-150-20/2A,-4.260916667,-37.13738333,13187.0,49.0,11872.0,52.0,11350.0
GS07-150-20/2A,-4.260916667,-37.13738333,14763.0,93.0,13000.0,50.0,12365.0
GS07-150-20/2A,-4.260916667,-37.13738333,15188.0,73.0,13320.0,58.0,12736.0
GS07-150-20/2A,-4.260916667,-37.13738333,16938.0,71.0,14668.0,64.0,13891.0
MD09-3256,-3.546833333,-35.38516667,4415.0,361.0,4430.0,43.0,3945.0
MD09-3256,-3.546833333,-35.38516667,10872.0,272.0,10005.0,49.0,9592.4
MD09-3256,-3.546833333,-35.38516667,12347.0,158.0,11037.0,63.0,10403.0
MD09-3256,-3.546833333,-35.38516667,12680.0,191.0,11287.0,58.0,10622.0
MD09-3256,-3.546833333,-35.38516667,14477.0,270.0,12892.0,75.0,12413.0
MD09-3256,-3.546833333,-35.38516667,15660.5,186.0,13687.0,100.0,13065.0
MD09-3256,-3.546833333,-35.38516667,16419.0,179.0,14251.0,78.0,13612.0
MD09-3256,-3.546833333,-35.38516667,17572.0,193.0,15176.0,81.0,14464.0
MD09-3256,-3.546833333,-35.38516667,18269.5,148.0,15878.0,120.0,15045.0
MD09-3256,-3.546833333,-35.38516667,18703.5,164.0,16158.999999999998,65.0,15361.0
MD09-3256,-3.546833333,-35.38516667,20143.0,326.0,17385.0,105.0,16658.0
MD09-3256,-3.546833333,-35.38516667,21475.0,344.0,18544.0,159.0,17796.0
MD09-3256,-3.546833333,-35.38516667,23921.0,363.0,20733.0,151.0,19980.0
MD09-3257,-4.244666667,-36.35266667,595.0,210.0,1181.0,25.0,603.0
MD09-3257,-4.244666667,-36.35266667,7348.0,223.0,7046.0,43.0,6451.8
MD09-3257,-4.244666667,-36.35266667,10845.5,132.0,9994.0,50.0,9588.2
MD09-3257,-4.244666667,-36.35266667,11638.0,98.0,10532.0,51.0,10064.0
MD09-3257,-4.244666667,-36.35266667,12495.0,79.0,11143.0,54.0,10523.0
MD09-3257,-4.244666667,-36.35266667,12675.5,66.0,11292.0,56.0,10611.0
MD09-3257,-4.244666667,-36.35266667,13302.0,94.0,11986.0,58.0,11406.0
MD09-3257,-4.244666667,-36.35266667,14048.0,118.0,12615.0,60.0,12126.0
MD09-3257,-4.244666667,-36.35266667,14598.0,123.0,12905.0,58.0,12465.0
MD09-3257,-4.244666667,-36.35266667,15370.0,103.0,13490.0,69.0,12892.0
MD09-3257,-4.244666667,-36.35266667,15754.0,113.0,13705.0,74.0,13139.0
MD09-3257,-4.244666667,-36.35266667,16952.5,113.0,14692.0,77.0,13902.0
MD09-3257,-4.244666667,-36.35266667,17566.5,130.0,15151.0,85.0,14464.0
MD09-3257,-4.244666667,-36.35266667,18754.0,119.0,16251.999999999998,87.0,15417.0
MD09-3257,-4.244666667,-36.35266667,19215.0,143.0,16675.0,90.0,15956.0
MD99-2334,37.8,-10.16666667,315.03183,214.1972,761.63636,38.363913,306.15999999999997
MD99-2334,37.8,-10.16666667,1649.88205,372.695,1624.41739,37.880756,1784.1
MD99-2334,37.8,-10.16666667,3410.34589,211.31069499999998,3557.53333,38.0,3211.3
MD99-2334,37.8,-10.16666667,8671.97423,633.569455,8195.225,37.26413,7915.099999999999
MD99-2334,37.8,-10.16666667,11752.63309,382.14392000000004,10397.439999999999,41.784922,10126.0
MD99-2334,37.8,-10.16666667,12058.939390000001,238.155255,10656.37143,39.258503,10337.0
MD99-2334,37.8,-10.16666667,12340.54918,194.27845499999998,10812.342859999999,50.0,10422.0
MD99-2334,37.8,-10.16666667,12563.62471,161.50423,10904.0,50.0,10472.0
MD99-2334,37.8,-10.16666667,12735.45455,120.5,11030.0,50.0,10765.0
MD99-2334,37.8,-10.16666667,12911.803539999999,278.875,11181.47826,50.0,11019.0
MD99-2334,37.8,-10.16666667,13824.91667,643.270835,12542.91304,50.0,12022.0
MD99-2334,37.8,-10.16666667,14028.748379999999,598.7674499999999,12684.56522,110.0,12083.0
MD99-2334,37.8,-10.16666667,14815.463380000001,126.693485,13231.33333,41.335871000000004,12442.0
MD99-2334,37.8,-10.16666667,15022.60714,136.165625,13890.0,130.0,12612.0
MD99-2334,37.8,-10.16666667,15318.379459999998,132.35976499999998,13919.11111,162.788206,12854.0
MD99-2334,37.8,-10.16666667,15799.45205,199.59281000000001,14227.688,42.965047,13178.0
MD99-2334,37.8,-10.16666667,17391.63426,233.70726,15145.611110000002,43.785161,14318.0
MD99-2334,37.8,-10.16666667,17833.40813,220.02643,15533.8,47.546193,14550.0
MD99-2334,37.8,-10.16666667,18602.59807,221.831175,16252.818179999998,46.890390999999994,15152.0
MD99-2334,37.8,-10.16666667,20051.63267,261.36469,17533.61,49.257052,16589.0
MD99-2334,37.8,-10.16666667,21290.82004,213.208655,18541.925,52.550559,17579.0
MD99-2334,37.8,-10.16666667,21705.84783,299.55104,19068.149999999998,150.0,17809.0
MD99-2334,37.8,-10.16666667,24021.70596,525.53103,21023.1875,190.0,20029.0
MD99-2334,37.8,-10.16666667,24759.36656,604.52128,21599.75,180.0,20567.0
MD99-2334,37.8,-10.16666667,25569.76859,510.32514,22523.41667,220.0,21126.0
MD99-2334,37.8,-10.16666667,26889.80729,675.29245,23812.5,220.0,22429.0
MD99-2334,37.8,-10.16666667,27523.88217,478.625565,24426.600000000002,220.0,23289.0
MD99-2334,37.8,-10.16666667,30044.57116,473.532355,26740.0,200.0,25771.0
MD99-2334,37.8,-10.16666667,30911.17008,493.9382,27173.25,310.0,26557.0
MD99-2334,37.8,-10.16666667,212.12069,214.1972,761.63636,38.363913,164.76
MD99-2334,37.8,-10.16666667,1010.5999999999999,372.695,1624.41739,37.880756,1138.0
MD99-2334,37.8,-10.16666667,3215.85241,211.31069499999998,3557.53333,38.0,3027.7
MD99-2334,37.8,-10.16666667,8559.63478,633.569455,8195.225,37.26413,7790.9
MD99-2334,37.8,-10.16666667,11266.73423,382.14392000000004,10397.439999999999,41.784922,9905.5
MD99-2334,37.8,-10.16666667,11855.79348,238.155255,10656.37143,39.258503,10201.0
MD99-2334,37.8,-10.16666667,12187.00418,194.27845499999998,10812.342859999999,50.0,10374.0
MD99-2334,37.8,-10.16666667,12449.98718,161.50423,10904.0,50.0,10380.0
MD99-2334,37.8,-10.16666667,12592.0,120.5,11030.0,50.0,10498.0
MD99-2334,37.8,-10.16666667,12762.0,278.875,11181.47826,50.0,10882.0
MD99-2334,37.8,-10.16666667,14212.66667,643.270835,12542.91304,50.0,12309.0
MD99-2334,37.8,-10.16666667,14364.92857,598.7674499999999,12684.56522,110.0,12397.0
MD99-2334,37.8,-10.16666667,15042.68856,126.693485,13231.33333,41.335871000000004,12623.0
MD99-2334,37.8,-10.16666667,15341.0,136.165625,13890.0,130.0,12875.0
MD99-2334,37.8,-10.16666667,15531.07813,132.35976499999998,13919.11111,162.788206,12955.0
MD99-2334,37.8,-10.16666667,15813.13699,199.59281000000001,14227.688,42.965047,13189.0
MD99-2334,37.8,-10.16666667,17263.590180000003,233.70726,15145.611110000002,43.785161,14151.0
MD99-2334,37.8,-10.16666667,17886.88372,220.02643,15533.8,47.546193,14606.0
MD99-2334,37.8,-10.16666667,18808.104620000002,221.831175,16252.818179999998,46.890390999999994,15497.0
MD99-2334,37.8,-10.16666667,20435.23729,261.36469,17533.61,49.257052,16888.0
MD99-2334,37.8,-10.16666667,21693.28416,213.208655,18541.925,52.550559,17803.0
MD99-2334,37.8,-10.16666667,22227.79167,299.55104,19068.149999999998,150.0,18261.0
MD99-2334,37.8,-10.16666667,24236.02994,525.53103,21023.1875,190.0,20214.0
MD99-2334,37.8,-10.16666667,25223.37342,604.52128,21599.75,180.0,20939.0
MD99-2334,37.8,-10.16666667,25952.396360000002,510.32514,22523.41667,220.0,21741.0
MD99-2334,37.8,-10.16666667,27171.75,675.29245,23812.5,220.0,22755.0
MD99-2334,37.8,-10.16666667,27718.2541,478.625565,24426.600000000002,220.0,23485.0
MD99-2334,37.8,-10.16666667,30167.34118,473.532355,26740.0,200.0,26000.0
MD99-2334,37.8,-10.16666667,30928.53514,493.9382,27173.25,310.0,26576.0
SHAK03-6K,37.7075,-10.49236667,292.0,252.58750000000003,815.0,27.0,236.0
SHAK03-6K,37.7075,-10.49236667,3621.5,563.453125,3787.0,30.0,3381.0
SHAK03-6K,37.7075,-10.49236667,7953.0,489.190625,7483.0,40.0,7123.400000000001
SHAK03-6K,37.7075,-10.49236667,11948.625,478.9875,10692.0,65.0,10278.0
SHAK03-6K,37.7075,-10.49236667,13234.75,269.84999999999997,11604.0,48.0,11351.0
SHAK03-6K,37.7075,-10.49236667,14511.875,274.98125,12724.0,109.0,12427.0
SHAK03-6K,37.7075,-10.49236667,15148.5,111.53125,13357.0,53.0,12706.0
SHAK03-6K,37.7075,-10.49236667,15556.25,97.775,13961.0,50.0,12974.0
SHAK03-6K,37.7075,-10.49236667,16131.250000000002,182.3125,14564.5,99.764723,13394.0
SHAK03-6K,37.7075,-10.49236667,17675.0,271.19375,15349.0,64.0,14460.0
SHAK03-6K,37.7075,-10.49236667,18145.625,293.02187499999997,15683.0,71.0,14746.0
SHAK03-6K,37.7075,-10.49236667,19788.5,374.01875,17169.0,86.0,16351.0
SHAK03-6K,37.7075,-10.49236667,22765.0,417.2375,19589.0,144.0,18790.0
SHAK03-6K,37.7075,-10.49236667,31703.0,486.04999999999995,28392.0,433.497405,27780.0
SHAK03-6K,37.7075,-10.49236667,34248.375,685.7875,30628.0,438.0,29654.0
SHAK03-6K,37.7075,-10.49236667,292.0,252.58750000000003,815.0,27.0,236.0
SHAK03-6K,37.7075,-10.49236667,3621.5,563.453125,3787.0,30.0,3381.0
SHAK03-6K,37.7075,-10.49236667,7953.0,489.190625,7483.0,40.0,7123.400000000001
SHAK03-6K,37.7075,-10.49236667,11948.625,478.9875,10692.0,65.0,10278.0
SHAK03-6K,37.7075,-10.49236667,13234.75,269.84999999999997,11604.0,48.0,11351.0
SHAK03-6K,37.7075,-10.49236667,14511.875,274.98125,12724.0,109.0,12427.0
SHAK03-6K,37.7075,-10.49236667,15148.5,111.53125,13357.0,53.0,12706.0
SHAK03-6K,37.7075,-10.49236667,15556.25,97.775,13961.0,50.0,12974.0
SHAK03-6K,37.7075,-10.49236667,16131.250000000002,182.3125,14564.5,99.764723,13394.0
SHAK03-6K,37.7075,-10.49236667,17675.0,271.19375,15349.0,64.0,14460.0
SHAK03-6K,37.7075,-10.49236667,18145.625,293.02187499999997,15683.0,71.0,14746.0
SHAK03-6K,37.7075,-10.49236667,19788.5,374.01875,17169.0,86.0,16351.0
SHAK03-6K,37.7075,-10.49236667,22765.0,417.2375,19589.0,144.0,18790.0
SHAK03-6K,37.7075,-10.49236667,31703.0,486.04999999999995,28392.0,433.497405,27780.0
SHAK03-6K,37.7075,-10.49236667,34248.375,685.7875,30628.0,438.0,29654.0
SHAK05-3K,37.6025,-10.69183333,3702.75,636.7437500000001,3861.0,40.0,3467.0
SHAK05-3K,37.6025,-10.69183333,7392.125,504.91249999999997,6849.0,36.0,6436.0
SHAK05-3K,37.6025,-10.69183333,10739.5,648.8249999999999,9606.0,52.0,9502.5
SHAK05-3K,37.6025,-10.69183333,12571.5,544.090625,11024.0,56.0,10472.0
SHAK05-3K,37.6025,-10.69183333,13006.5,237.521875,11392.0,46.0,11064.0
SHAK05-3K,37.6025,-10.69183333,13916.375,185.028125,12226.0,50.0,12056.0
SHAK05-3K,37.6025,-10.69183333,15873.0,308.51250000000005,14117.0,62.0,13229.0
SHAK05-3K,37.6025,-10.69183333,16874.75,501.30937499999993,14930.0,62.0,13855.0
SHAK05-3K,37.6025,-10.69183333,18752.125,395.184375,16193.999999999998,79.0,15415.0
SHAK05-3K,37.6025,-10.69183333,19878.25,234.8,17144.0,91.0,16455.0
SHAK05-3K,37.6025,-10.69183333,22746.875,335.859375,19536.0,136.0,18789.0
SHAK05-3K,37.6025,-10.69183333,3702.75,636.7437500000001,3861.0,40.0,3467.0
SHAK05-3K,37.6025,-10.69183333,7392.125,504.91249999999997,6849.0,36.0,6436.0
SHAK05-3K,37.6025,-10.69183333,10739.5,648.8249999999999,9606.0,52.0,9502.5
SHAK05-3K,37.6025,-10.69183333,12571.5,544.090625,11024.0,56.0,10472.0
SHAK05-3K,37.6025,-10.69183333,13006.5,237.521875,11392.0,46.0,11064.0
SHAK05-3K,37.6025,-10.69183333,13916.375,185.028125,12226.0,50.0,12056.0
SHAK05-3K,37.6025,-10.69183333,15873.0,308.51250000000005,14117.0,62.0,13229.0
SHAK05-3K,37.6025,-10.69183333,16874.75,501.30937499999993,14930.0,62.0,13855.0
SHAK05-3K,37.6025,-10.69183333,18752.125,395.184375,16193.999999999998,79.0,15415.0
SHAK05-3K,37.6025,-10.69183333,19878.25,234.8,17144.0,91.0,16455.0
SHAK05-3K,37.6025,-10.69183333,22746.875,335.859375,19536.0,136.0,18789.0
SHAK06-4K,37.56133333,-10.14216667,20329.059999999998,200.0,17508.0,97.0,16802.0
SHAK06-4K,37.56133333,-10.14216667,22185.353750000002,200.0,18950.0,106.0,18226.0
SHAK06-4K,37.56133333,-10.14216667,20329.059999999998,200.0,17508.0,97.0,16802.0
SHAK06-4K,37.56133333,-10.14216667,22185.353750000002,200.0,18950.0,106.0,18226.0
SHAK10-10K,37.836,-9.719333333,574.0,86.765625,1110.0,36.0,663.0
SHAK10-10K,37.836,-9.719333333,1073.75,118.76875000000001,1700.0,20.0,1192.5
SHAK10-10K,37.836,-9.719333333,1692.875,276.846875,2287.0,47.0,1749.4
SHAK10-10K,37.836,-9.719333333,6249.625,829.6218749999999,5714.0,47.0,5385.900000000001
SHAK10-10K,37.836,-9.719333333,8934.375,314.665625,8420.0,32.0,7964.400000000001
SHAK10-10K,37.836,-9.719333333,11370.5,319.05,10102.0,27.0,9978.6
SHAK10-10K,37.836,-9.719333333,12566.0,386.634375,10973.0,33.0,10472.0
SHAK10-10K,37.836,-9.719333333,14964.875,198.1875,13062.0,52.0,12558.0
SHAK10-10K,37.836,-9.719333333,15995.125,150.44375,14456.0,55.0,13305.0
SHAK10-10K,37.836,-9.719333333,16403.5,205.69062499999998,14750.0,58.0,13604.0
SHAK10-10K,37.836,-9.719333333,17195.75,334.69375,15096.0,65.0,14155.0
SHAK10-10K,37.836,-9.719333333,574.0,86.765625,1110.0,36.0,663.0
SHAK10-10K,37.836,-9.719333333,1073.75,118.76875000000001,1700.0,20.0,1192.5
SHAK10-10K,37.836,-9.719333333,1692.875,276.846875,2287.0,47.0,1749.4
SHAK10-10K,37.836,-9.719333333,6249.625,829.6218749999999,5714.0,47.0,5385.900000000001
SHAK10-10K,37.836,-9.719333333,8934.375,314.665625,8420.0,32.0,7964.400000000001
SHAK10-10K,37.836,-9.719333333,11370.5,319.05,10102.0,27.0,9978.6
SHAK10-10K,37.836,-9.719333333,12566.0,386.634375,10973.0,33.0,10472.0
SHAK10-10K,37.836,-9.719333333,14964.875,198.1875,13062.0,52.0,12558.0
SHAK10-10K,37.836,-9.719333333,15995.125,150.44375,14456.0,55.0,13305.0
SHAK10-10K,37.836,-9.719333333,16403.5,205.69062499999998,14750.0,58.0,13604.0
SHAK10-10K,37.836,-9.719333333,17195.75,334.69375,15096.0,65.0,14155.0
SHAK14-4G,37.836,-9.719333333,259.0,228.6,794.0,36.0,138.0
SHAK14-4G,37.836,-9.719333333,3132.0,242.02499999999998,3485.0,28.0,2938.0
SHAK14-4G,37.836,-9.719333333,10936.0,273.03749999999997,10286.0,53.0,9608.2
SHAK14-4G,37.836,-9.719333333,11222.0,405.5625,10270.0,32.0,9800.599999999999
SHAK14-4G,37.836,-9.719333333,12258.0,336.71250000000003,10923.0,33.0,10383.0
SHAK14-4G,37.836,-9.719333333,12504.0,157.0625,10891.0,53.0,10549.0
SHAK14-4G,37.836,-9.719333333,12844.0,130.0,11302.0,41.0,10976.0
SHAK14-4G,37.836,-9.719333333,13367.0,148.04999999999998,11726.0,55.0,11523.0
SHAK14-4G,37.836,-9.719333333,14638.0,164.51250000000002,12803.0,64.0,12478.0
SHAK14-4G,37.836,-9.719333333,14786.0,82.025,12914.0,39.0,12391.0
SHAK14-4G,37.836,-9.719333333,15010.25,77.01875,13172.0,43.0,12604.0
SHAK14-4G,37.836,-9.719333333,15153.0,60.0,13415.0,51.0,12709.0
SHAK14-4G,37.836,-9.719333333,15263.0,69.525,13634.0,49.0,12796.0
SHAK14-4G,37.836,-9.719333333,15350.5,120.0,13421.0,51.0,12881.0
SHAK14-4G,37.836,-9.719333333,15852.0,61.525000000000006,14236.0,53.0,13217.0
SHAK14-4G,37.836,-9.719333333,16102.5,180.29375,14653.0,83.0,13379.0
SHAK14-4G,37.836,-9.719333333,16183.499999999998,323.1125,14453.0,57.0,13425.0
SHAK14-4G,37.836,-9.719333333,16909.5,269.0125,15023.0,60.0,13873.0
SHAK14-4G,37.836,-9.719333333,19544.0,206.03750000000002,16886.0,75.0,16203.0
SHAK14-4G,37.836,-9.719333333,21638.0,201.51250000000002,18531.0,89.0,17792.0
SHAK14-4G,37.836,-9.719333333,259.0,228.6,794.0,36.0,138.0
SHAK14-4G,37.836,-9.719333333,3132.0,242.02499999999998,3485.0,28.0,2938.0
SHAK14-4G,37.836,-9.719333333,10936.0,273.03749999999997,10286.0,53.0,9608.2
SHAK14-4G,37.836,-9.719333333,11222.0,405.5625,10270.0,32.0,9800.599999999999
SHAK14-4G,37.836,-9.719333333,12258.0,336.71250000000003,10923.0,33.0,10383.0
SHAK14-4G,37.836,-9.719333333,12504.0,157.0625,10891.0,53.0,10549.0
SHAK14-4G,37.836,-9.719333333,12844.0,130.0,11302.0,41.0,10976.0
SHAK14-4G,37.836,-9.719333333,13367.0,148.04999999999998,11726.0,55.0,11523.0
SHAK14-4G,37.836,-9.719333333,14638.0,164.51250000000002,12803.0,64.0,12478.0
SHAK14-4G,37.836,-9.719333333,14786.0,82.025,12914.0,39.0,12391.0
SHAK14-4G,37.836,-9.719333333,15010.25,77.01875,13172.0,43.0,12604.0
SHAK14-4G,37.836,-9.719333333,15153.0,60.0,13415.0,51.0,12709.0
SHAK14-4G,37.836,-9.719333333,15263.0,69.525,13634.0,49.0,12796.0
SHAK14-4G,37.836,-9.719333333,15350.5,120.0,13421.0,51.0,12881.0
SHAK14-4G,37.836,-9.719333333,15852.0,61.525000000000006,14236.0,53.0,13217.0
SHAK14-4G,37.836,-9.719333333,16102.5,180.29375,14653.0,83.0,13379.0
SHAK14-4G,37.836,-9.719333333,16183.499999999998,323.1125,14453.0,57.0,13425.0
SHAK14-4G,37.836,-9.719333333,16909.5,269.0125,15023.0,60.0,13873.0
SHAK14-4G,37.836,-9.719333333,19544.0,206.03750000000002,16886.0,75.0,16203.0
SHAK14-4G,37.836,-9.719333333,21638.0,201.51250000000002,18531.0,89.0,17792.0
VM21-30,-1.22,-89.68,769.0,481.2,2190.0,45.0,866.0
VM21-30,-1.22,-89.68,1301.0,57.5,1865.0,15.0,1400.0
VM21-30,-1.22,-89.68,1301.0,57.5,1875.0,15.0,1400.0
VM21-30,-1.22,-89.68,3737.0,198.6,3755.0,20.0,3512.0
VM21-30,-1.22,-89.68,3737.0,198.6,4270.0,20.0,3512.0
VM21-30,-1.22,-89.68,6001.5,664.65,5620.0,55.0,5282.3
VM21-30,-1.22,-89.68,6884.0,141.0,6335.0,20.0,6025.0
VM21-30,-1.22,-89.68,6884.0,141.0,6760.0,20.0,6025.0
VM21-30,-1.22,-89.68,8722.0,463.2,8500.0,20.0,7929.8
VM21-30,-1.22,-89.68,8722.0,463.2,8590.0,45.0,7929.8
VM21-30,-1.22,-89.68,9755.5,492.09999999999997,8525.0,30.0,8775.3
VM21-30,-1.22,-89.68,9755.5,492.09999999999997,8690.0,55.0,8775.3
VM21-30,-1.22,-89.68,10464.0,765.55,9830.0,55.0,9245.6
VM21-30,-1.22,-89.68,11670.0,1123.45,10050.0,50.0,10065.0
VM21-30,-1.22,-89.68,11670.0,1123.45,10090.0,30.0,10065.0
VM21-30,-1.22,-89.68,11914.0,1154.1,9830.0,20.0,10210.0
VM21-30,-1.22,-89.68,11914.0,1154.1,10150.0,55.0,10210.0
VM21-30,-1.22,-89.68,12311.0,1180.75,10810.0,45.0,10363.0
VM21-30,-1.22,-89.68,12311.0,1180.75,11770.0,40.0,10363.0
VM21-30,-1.22,-89.68,12367.0,1181.025,11250.0,50.0,10367.0
VM21-30,-1.22,-89.68,13009.0,1107.225,13400.0,75.0,11066.0
VM21-30,-1.22,-89.68,13563.0,985.65,11750.0,90.0,11661.0
VM21-30,-1.22,-89.68,13563.0,985.65,12680.0,70.0,11661.0
VM21-30,-1.22,-89.68,13563.0,985.65,13590.0,45.0,11661.0
VM21-30,-1.22,-89.68,13989.5,833.6750000000001,11950.0,25.0,12016.0
VM21-30,-1.22,-89.68,13989.5,833.6750000000001,12000.0,130.0,12016.0
VM21-30,-1.22,-89.68,14371.625,659.625,12000.0,55.0,12398.0
VM21-30,-1.22,-89.68,14371.625,659.625,12405.0,40.0,12398.0
VM21-30,-1.22,-89.68,14598.0,686.6,12250.0,70.0,12465.0
VM21-30,-1.22,-89.68,15455.5,890.55,14020.0,35.0,12917.0
VM21-30,-1.22,-89.68,15455.5,890.55,14540.0,45.0,12917.0
VM21-30,-1.22,-89.68,15842.25,913.475,13290.0,35.0,13211.0
VM21-30,-1.22,-89.68,15842.25,913.475,15750.0,40.0,13211.0
VM21-30,-1.22,-89.68,16027.000000000002,951.85,13400.0,90.0,13332.0
VM21-30,-1.22,-89.68,16277.999999999998,946.55,14445.0,45.0,13496.0
VM21-30,-1.22,-89.68,16277.999999999998,946.55,17015.0,50.0,13496.0
VM21-30,-1.22,-89.68,16451.75,951.4,15650.0,70.0,13628.0
VM21-30,-1.22,-89.68,16451.75,951.4,16520.0,80.0,13628.0
VM21-30,-1.22,-89.68,16867.25,881.1,17550.0,80.0,13852.0
VM21-30,-1.22,-89.68,16909.0,862.4000000000001,17430.0,80.0,13872.0
VM21-30,-1.22,-89.68,17080.0,814.65,14830.0,70.0,14080.0
VM21-30,-1.22,-89.68,17130.0,807.025,16710.0,90.0,14148.0
VM21-30,-1.22,-89.68,17130.0,807.025,17140.0,80.0,14148.0
VM21-30,-1.22,-89.68,17707.0,702.25,16800.0,80.0,14463.0
VM21-30,-1.22,-89.68,17916.5,849.675,18560.0,100.0,14632.0
VM21-30,-1.22,-89.68,20559.5,2340.25,20510.0,80.0,17064.0
VM21-30,-1.22,-89.68,22033.5,2634.3999999999996,21330.0,80.0,18073.0
VM21-30,-1.22,-89.68,28420.0,515.4499999999999,25100.0,150.0,24179.0
VM21-30,-1.22,-89.68,30705.0,398.65,26900.0,150.0,26309.0
