id,Calendar_age,Calendar_age_error,Reservoir_derived_14C_age,Reservoir_derived_14C_error
MR01-K03,2766,98,3290,80
MR01-K03,3983,251,4270,200
MR01-K03,5456,252,5450,220
MR01-K03,7634.5,209,7500,220
MR01-K03,11463,85,10600,50
MR01-K03,11934,86,10900,55
MR01-K03,12631,51,11420,60
MR01-K03,13392,50,12230,50
MR01-K03,15151,107,13450,85
MR01-K03,16073,69,14150,55
MR01-K03,18793,107,16450,110
MR01-K03,20853,73,18200,65
MR01-K03,24644,254,21500,220
MR01-K03,26787,216,23560,220
MR01-K03,28899,331,25700,300
MR01-K03,33631,383,30130,360
V35-6,4689,111,4860,90
V35-6,7971,114,7890,110
V35-6,9023,163,8780,120
V35-6,9977,161,9550,120
V35-6,10783,171,10130,120
V35-6,12738,130,11590,140
V35-6,13708,195,12540,160
V35-5,1293,479,2055,100
V35-5,5793,428,5830,110
V35-5,7626.5,288,7500,150
V35-5,8210,267,8190,140
V35-5,9331.5,217,9050,160
V35-5,9995.5,372,9520,150
V35-5,12627,426,11580,200
V35-5,15477,341,13740,190
V35-5,16986,450,14990,420
V35-5,18419,373,16170,290
V35-5,19669.5,339,17540,260
V35-5,20268,435,17020,390
MD95-2007,11775.5,68.165,10664,65
MD95-2007,12429.5,105.82625,11353,62
MD95-2007,12482.25,103.763125,11299,66
MD95-2007,12551.5,103.7625,11500,90
MD95-2007,12596,98.099375,11296,77
MD95-2007,12973.25,71.085625,11471,62
MD95-2007,13535.875,139.985,12353,74
MD95-2007,13740,137.5875,12630,100
MD95-2007,14125.5,121.496875,12790,120
TNO57-21,12201,200,10900,45
TNO57-21,12980,200,12200,75
TNO57-21,13580,200,12700,55
TNO57-21,14180,200,12950,55
TNO57-21,14770,200,13150,70
TNO57-21,15892,200,14750,65
TNO57-21,16453,200,14850,60
TNO57-21,17014,200,15650,80
TNO57-21,17575,200,16050,65
TNO57-21,18697,200,16900,80
TNO57-21,19259,200,17400,70
TNO57-21,19820,200,18000,85
TNO57-21,22064,200,19300,90
SS152,2103,322,2523,108
SS152,2860,336,3164,45
SS152,5761,275,5547,35
SS152,6468,170,6190,75
SS152,7523,250,7158,42
SS152,8813,213,8405,45
SS152,9278,323,8715,47
SS152,11897,326,10708,87
SS152,12462,112,11081,34
SS152,12697,194,11176,94
SS152,14026,345,12551,60
SS152,14917,228,13119,49
SS152,15758,191,13678,37
SS152,16610,209,14369,76
SS152,17165,209,14812,42
SS152,18000,297,15495,38
SS152,18928,385,16453,199
SS172,6091,372,5823,40
SS172,7633,382,7317,59
SS172,9347,369,8797,33
SS172,11474,269,10438,52
SS172,12094,167,10789,46
SS172,12667,200,11296,74
SS172,13643,177,12271,61
SS172,14174,127,12804,65
SS172,14370,139,12672,48
SS172,14986,252,13110,51
SS172,15946,437,14283,57
SS172,16680,548,13628,59
SS172,17724,542,15469,66
SS172,18290,541,15093,57
SS172,19139,497,17263,75
SS172,19658,401,16890,67
SS172,20849,426,19050,78
SS172,21745,412,18587,80
SS172,24039,359,21020,135
SS172,24466,230,21088,76
SS172,26518,286,23147,87
SS172,27600,290,24289,87
SS172,28849,909,23883,120
SS172,32962,592,29376,79
SS172,35868,295,32247,91
SS172,37062,299,33215,166
KNR195-5-CDH23,1074,46,1680,40
KNR195-5-CDH23,3116,47,3420,35
KNR195-5-CDH23,3801,46,3980,35
KNR195-5-CDH23,4538,56,4540,40
KNR195-5-CDH23,4538,57,4540,40
KNR195-5-CDH23,5921,28,5720,30
KNR195-5-CDH23,6460,39,6230,35
KNR195-5-CDH23,6781,52,6510,45
KNR195-5-CDH23,9048,56,8600,45
KNR195-5-CDH23,9793,98,9220,60
KNR195-5-CDH23,10744,74,9920,40
KNR195-5-CDH23,11950,70,10750,45
KNR195-5-CDH23,12975,57,11650,55
KNR195-5-CDH23,12976,57,11650,55
KNR195-5-CDH23,13321,60,12000,55
KNR195-5-CDH23,13536,82,12200,70
KNR195-5-CDH23,14375,171,12800,95
KNR195-5-CDH26,7378,31,7070,35
KNR195-5-CDH26,10153,44,9460,40
KNR195-5-CDH26,11948,69,10750,45
KNR195-5-CDH26,12978,48,11650,45
KNR195-5-CDH26,13705,58,12350,50
KNR195-5-CDH26,14913,84,13100,60
KNR195-5-CDH26,15955,80,13900,60
KNR195-5-CDH26,17513,90,15150,65
KNR195-5-CDH26,19675,85,17050,70
KNR195-5-CDH26,20460,82,17700,70
KNR195-5-CDH26,21928,123,18850,110
KNR195-5-CDH26,24098,96,20900,80
KNR195-5-CDH41,10323,118,9580,50
KNR195-5-CDH41,11558,129,10500,45
KNR195-5-CDH41,13427,130,12150,100
KNR195-5-CDH41,13961.5,68,12550,45
KNR195-5-CDH41,14281,101,12750,55
KNR195-5-CDH41,14871.5,264,11850,65
KNR195-5-CDH41,15722,85,13800,55
KNR195-5-CDH41,15907,76,14350,60
KNR195-5-CDH41,16060,64,13950,60
KNR195-5-CDH41,16257,85,12700,50
KNR195-5-CDH41,16484,74,14300,70
KNR195-5-CDH41,16735,94,14450,60
KNR195-5-CDH41,18125.5,144,15650,80
KNR195-5-CDH41,20971.5,158,18150,90
KNR195-5-CDH41,21813,129,18750,100
KNR195-5-CDH41,22772,142,19700,140
KNR195-5-CDH41,23479.5,124,20400,120
KNR195-5-CDH41,23851.5,114,20600,120
KNR195-5-CDH41,25178.5,569,14200,60
KNR195-5-CDH41,26171,618,17950,70
KNR195-5-CDH41,27277.5,562,24700,210
KNR195-5-CDH41,27519,398,24000,120
KNR195-5-CDH41,28783,475,27200,190
KNR195-5-CDH41,29612,273,26200,260
KNR195-5-GGC43,1381,52,1990,50
KNR195-5-GGC43,4667,58,4630,40
KNR195-5-GGC43,6278,36,6050,35
KNR195-5-GGC43,8327,52,8030,50
KNR195-5-GGC43,9311,49,8800,40
KNR195-5-GGC43,11116,34,10150,35
KNR195-5-GGC43,12533,69,11150,70
TTN013-18,17753.5,603,15300,55
TTN013-18,22189.5,506,19125,75
TTN013-18,24685.5,377,21375,140
TTN013-18,26061.5,327,22650,120
TTN013-18,27362.5,329,24225,180
TTN013-18,28556.5,526,22333.33333,190
TTN013-18,30101.5,686,22513.33333,180
TTN013-18,31790,466,28545,180
TT154-10,14363,251,12780,160
TT154-10,18520,232,16040,225
TT154-10,19101,273,16560,240
TT154-10,20078,439,17390,370
TT154-10,23263,228,20110,220
TT154-10,7013,120,6715,110
V28-238,7542,148,7252.5,160
V28-238,8885,139,8485,100
V28-238,10670,281,9852.5,220
V28-238,13605,559,12165,460
V28-238,21688,450,18700,390
V28-238,23145,283,20000,260
V28-238,25111,1282,21832.5,1290
KNR110-50,16142,375,14045,295
KNR110-50,19433,169,16853,130
KNR110-50,20176,133,17450,115
KNR110-50,21338,262,18405,205
KNR110-50,22278,265,19195,245
KNR110-66,19070,124,16555,105
KNR110-66,19547,145,16945,115
KNR110-66,20933,157,18100,120
KNR110-66,22001,151,18920,135
KNR110-82a,16044,129,13970,100
KNR110-82a,17379,106,15050,75
KNR110-82a,18500,143,16020,145
KNR110-82a,19724,309,17085,255
KNR110-82a,20408,220,17650,190
V28-122,19671,117,17045,100
V28-122,20259,171,17525,145
V28-122,21149.5,470,18245,405
50-37KL,1236,70,2040,70
50-37KL,5972,93,5960,80
50-37KL,8647,138,8500,110
50-37KL,11364,134,10560,100
50-37KL,13950,203,12730,140
50-37KL,17258,188,15140,150
50-37KL,18174,130,15910,110
50-37KL,18280,135,16000,120
50-37KL,19939,192,17460,160
50-37KL,20177,223,17660,180
MD97-2138,21449,203,18636,150
MD97-2138,21830,234,18950,200
MD98-2181,18867,161,16520,150
MD98-2181,19088,165,16725,150
MD98-2181,19445,186,17025,150
RC11-238,19305,142,16750,120
RC11-238,20909,187,18080,150
V19-27,18095,109,15635,110
V19-27,21155,170,18270,130
V21-40,17799,132,15365,100
V21-40,21007.5,317,18140,250
MD01-2386,820,83,1597,88
MD01-2386,4976,111,5043,90
MD01-2386,9940,127,9473,91
MD01-2386,10893,128,10166,91
MD01-2386,12290,105,11120,72
MD01-2386,12830,86,11662,93
MD01-2386,13884,122,12644,94
MD01-2386,14049,188,12761,122
MD01-2386,15196,164,13480,126
MD01-2386,16195,150,14250,117
MD01-2386,16339,130,14362,102
MD01-2386,17135,133,15001,117
MD01-2386,17239,140,15098,114
MD01-2386,18056.5,173,15760,147
MD01-2386,18689,119,16338,105
MD01-2386,19232,132,16849,111
RC24-8GC,3445,37,3770,30
RC24-8GC,10287,63,9655,50
RC24-8GC,12780,32,11535,35
RC24-8GC,13600,60,12325,50
RC24-8GC,15402,68,13550,50
RC24-8GC,15717,67,13790,50
RC24-8GC,16563,96,14440,70
RC24-8GC,19008,116,16570,100
Nesmeyanov25-1-GGC15,4682,52,5190,35
Nesmeyanov25-1-GGC15,10718,86,10450,50
Nesmeyanov25-1-GGC15,16339,89,14750,70
Nesmeyanov25-1-GGC18,11049,77,10650,50
Nesmeyanov25-1-GGC18,14035,98,13150,65
Nesmeyanov25-1-GGC20,11205,47,10800,45
Nesmeyanov25-1-GGC20,14453,117,13400,50
Nesmeyanov25-1-GGC27,10859,95,10530,60
Nesmeyanov25-1-GGC27,13541,65,12760,55
RNDB-GGC15,13589,60,12800,50
RNDB-GGC5,14110,120,13200,75
RNDB-GGC5,21979,132,19450,120
RNDB-PC11,13935,72,13080,60
RNDB-PC11,14019,102,13140,70
RNDB-PC11,16602,114,14950,85
RNDB-PC13,13958,90,13100,70
RNDB-PC13,14918,142,13660,90
RNDB-PC13,17793,79,15900,60
RNDB-PC13,19555,140,17500,110
VINO19-4-GGC17,13661.5,41,12860,35
VINO19-4GGC-37,13691,138,12880,115
VINO19-4GGC-37,13722,118,12910,95
MD97-2106,8800,200,8486,45
MD97-2106,14980.64516,200,13009,60
MD97-2106,18358.62069,200,16079,70
EW0408-87JC,594,74,1650,90
EW0408-87JC,1254,76,2340,70
EW0408-87JC,1702,83,2730,70
EW0408-87JC,2699.5,78,3560,60
EW0408-87JC,3233,87,4000,80
EW0408-87JC,3651,80,4330,60
EW0408-87JC,4499,121,4990,90
EW0408-87JC,5162,89,5500,70
EW0408-87JC,6170,40,6410,25
EW0408-87JC,7773,34,7980,25
EW0408-87JC,8428.5,84,8610,80
EW0408-87JC,8986,144,9020,120
EW0408-87JC,9736,94,9660,70
EW0408-87JC,10151.5,35,9930,30
EW0408-87JC,10546,35,10260,25
EW0408-87JC,10819,84,10410,100
EW0408-87JC,11084,40,10600,35
EW0408-87JC,11350,48,10855,30
EW0408-87JC,11708,40,11065,25
EW0408-87JC,11992,44,11250,25
EW0408-87JC,12436,51,11520,25
EW0408-87JC,13526,43,12705,25
EW0408-87JC,13722,55,12810,60
EW0408-87JC,14019.5,35,13080,30
EW0408-87JC,14191,58,13170,60
EW0408-87JC,14393,70,13310,80
EW0408-87JC,14593,61,13430,45
EW0408-87JC,14747,48,13420,30
EW0408-87JC,15219,49,13830,35
EW0408-87JC,15901,44,14345,30
EW0408-87JC,16276,41,14645,35
EW0408-87JC,16486.5,49,14870,50
EW0408-87JC,16586,44,14890,60
EW0408-87JC,16672,42,15040,80
EW0408-87JC,16747,43,14860,80
EW0408-87JC,16843,37,15080,40
EW0408-87JC,16916,36,15110,60
EW0408-87JC,16999,48,15160,35
202-1240,11760,200,10364,150
202-1240,15000,200,12701,150
202-1240,17600,200,15676,150
202-1240,23500,200,20705,150
202-1240,2730,200,3243,27
202-1240,3756.5,200,4136,27
202-1240,8261.5,200,8046,37
202-1240,9567,200,8937.5,62.241465
202-1240,10445.375,200,9388,63.655322
202-1240,12852,200,11215,55
202-1240,13572,200,11964,55
202-1240,14494.25,200,12492,58
202-1240,16451.5,200,14273,67
202-1240,16973.75,200,14794,77
202-1240,18291,200,16713,91
202-1240,19704.5,200,17546,88
202-1240,22245,200,19492,154
202-1240,24483,200,20705,116
202-1240,26214,200,23310,170
SO161/5_22SL,10056.5,415,9160,380
SO161/5_22SL,11591,98,11050,55
SO161/5_22SL,12492,128,11700,100
SO161/5_22SL,13853,115,13050,100
SO161/5_22SL,14532,114,13450,65
SO161/5_22SL,14967,103,14050,90
SO161/5_22SL,15216.5,86,14200,75
SO161/5_22SL,15710.5,81,14650,65
SO161/5_22SL,15969,81,14800,75
SO161/5_22SL,16360.5,80,15100,75
SO161/5_22SL,16658.5,82,15350,70
SO161/5_22SL,17084,82,15700,80
SO161/5_22SL,17490,88,16000,65
SO161/5_22SL,18159,75,16100,75
SO161/5_22SL,18682,58,16600,70
SO161/5_22SL,18859,55,16850,75
SO161/5_22SL,18974,60,16800,110
SO161/5_22SL,19098,71,16900,85
SO161/5_22SL,19494,82,17300,70
CH84-14,10543,161,10000,140
CH84-14,11050,144,10230,140
CH84-14,11540.5,157,10640,150
CH84-14,12052.5,180,10870,150
CH84-14,13292.5,139,12180,160
CH84-14,13828,163,12820,180
CH84-14,14245,171,12750,150
CH84-14,14732,172,13060,140
CH84-14,15599.5,179,13830,150
CH84-14,17765,226,15570,210
JF-FI-19PC,11080,200,9998,57
JF-FI-19PC,12800,200,12293,62
JF-FI-19PC,13760,200,12676,58
JF-FI-19PC,13940,200,12901,63
JF-FI-19PC,14250,200,12921,100
JF-FI-19PC,14310,200,13174,66
JF-FI-19PC,14560,200,13474,108
JF-FI-19PC,16460,200,14293,56
JF-FI-19PC,16910,200,14561,57
JF-FI-19PC,17590,200,15225,64
JF-FI-19PC,18160,200,15384,60
JF-FI-19PC,18730,200,15878,65
JF-FI-19PC,19300,200,16323,82
JF-FI-19PC,19870,200,17200,77
JF-FI-19PC,20440,200,17904,87
JF-FI-19PC,21010,200,18931,88
JF-FI-19PC,26070,200,23610,143
JF-FI-19PC,26330,200,23484,108
JF-FI-19PC,26740,200,23962,170
145-887,9270,376,9305,25
145-887,12627,237,11810,30
145-887,13296,100,12530,30
145-887,13828,174,12995,30
145-887,16696,215,15010,50
145-887,18421.5,396,16640,45
145-887,18885.5,396,16405,45
145-887,20120,241,17970,70
MD02-2489,11773,90,11080,60
MD02-2489,12740,24,11870,30
MD02-2489,12993,70,12120,70
V34-98,5861,44,6260,40
Site_936,13832,91,13040,70
Site_936,19532,172,17530,140
Site_936,24431,210,21760,170
LV27-2-4,3395,18,4205,15
LV27-2-4,5889,13,6230,15
LV27-2-4,9035,20,9150,15
LV27-2-4,11170,32,10760,35
LV27-2-4,14036,26,13150,25
MD07-3076,29090,200,25407,85
MD07-3076,32259,200,28540,89
MD07-3076,32915,200,28827,91
MD07-3076,34508,200,30195,411
MD07-3076,35382,200,31235,316
MD07-3076,36341,200,31533,394
MD07-3076,36907,200,32447,438
MD07-3076,37332,200,32159,463
MD07-3076,38181,200,34174,758
MD07-3076,38322,200,33429,421
MD07-3076,38747,200,35747,926
MD07-3076,39713,200,35620,916
MD07-3076,40137,200,36236,986
MD07-3076,40654,200,35879,680
MD12-3396Cq,8205,237,7836,70
MD12-3396Cq,11924,292,11116,90
MD12-3396Cq,12902,362,11711,98
MD12-3396Cq,13423,325,12094,97
MD12-3396Cq,14689,282,13328,120
MD12-3396Cq,18352,307,16468,156
MD12-3396Cq,27653,850,25746,317
MD12-3396Cq,34093,500,31549,1151
MD12-3396Cq,947,165,1835,61
MD12-3396Cq,947,165,1835,61
MD12-3396Cq,1825,230,2495,63
MD12-3396Cq,2306,301,2839,62
MD12-3396Cq,2958,217,3434,66
MD12-3396Cq,4159,281,4394,69
MD12-3396Cq,5267,270,4985,70
MD12-3396Cq,6028,271,5814,74
MD12-3396Cq,7275,331,6584,77
MD12-3396Cq,7637,204,7423,82
MD12-3396Cq,7933,205,7487,80
MD12-3396Cq,8270,255,7929,85
MD12-3396Cq,8975,292,8472,91
MD12-3396Cq,9405,340,9085,90
MD12-3396Cq,10254,422,10124,109
MD12-3396Cq,11114,291,10567,102
MD12-3396Cq,11483,253,10921,107
MD12-3396Cq,11750,254,11256,111
MD12-3396Cq,11780,257,11139,107
MD12-3396Cq,12084,330,11069,110
MD12-3396Cq,13005,337,11838,115
MD12-3396Cq,13706,294,12422,60
MD12-3396Cq,14206,303,12833,123
MD12-3396Cq,14299,281,12797,138
MD12-3396Cq,14299,281,12797,138
MD12-3396Cq,14603,277,13109,137
MD12-3396Cq,14603,277,13109,137
MD12-3396Cq,14906,307,13412,132
MD12-3396Cq,15805,488,14399,144
MD12-3396Cq,17652,458,15517,173
MD12-3396Cq,18034,353,16267,176
MD12-3396Cq,18455,308,16106,205
MD12-3396Cq,18642,330,17039,190
MD12-3396Cq,19594,713,17833,200
MD12-3396Cq,19594,713,17833,200
MD12-3396Cq,21381,919,18879,235
MD12-3396Cq,22381,1041,19992,266
MD12-3396Cq,25465,959,22688,356
MD12-3396Cq,25906,842,23494,390
MD12-3396Cq,26003,887,22244,340
MD04-2829CQ,18484.96095,200,16602.57143,150
MD04-2829CQ,19380.58774,200,17196.90625,150
MD04-2829CQ,20297.81212,200,17920.5,150
MD04-2829CQ,20921.08944,200,18619.5,150
MD04-2829CQ,22986.89602,200,20384.61538,150
MD04-2829CQ,23400.46384,200,20665.33333,150
MD04-2829CQ,25172.45686,200,22292.25,150
MD04-2829CQ,27921.50549,200,24688,150
MD04-2829CQ,28981.67621,200,26045.34783,150
gh02-1030,10166,61,9840,40
gh02-1030,10650,87,10240,60
gh02-1030,11068.5,78,10510,60
gh02-1030,11288,71,10690,60
gh02-1030,11721,100,10950,60
gh02-1030,13882,104,12900,70
gh02-1030,14272,97,13270,70
gh02-1030,14432,121,13060,70
gh02-1030,14913,65,13470,40
gh02-1030,16867,243,15090,50
gh02-1030,16976,78,15010,80
gh02-1030,17124,66,15140,60
gh02-1030,18517,87,16380,60
gh02-1030,20100,102,17780,70
gh02-1030,21762,204,19130,180
BO04-PC11,2731,39,3180,40
BO04-PC11,8690,62,8430,40
BO04-PC11,13360,62,12120,60
BO04-PC11,18482,78,16640,60
BO04-PC11,19071,97,17210,80
AII125-8-55,2729,31,3420,35
AII125-8-55,4343,50,4710,40
AII125-8-55,5463,54,5610,45
AII125-8-56,5483,63,5630,60
AII125-8-56,9540,79,9355,70
AII125-8-56,10035,101,9705,75
AII125-8-56,10579,126,10125,80
AII125-8-56,11753,120,10945,75
AII125-8-56,12539,92,11490,90
AII125-8-56,13393,85,12395,80
AII125-8-56,14864,146,13400,90
AII125-8-56,15245,128,13685,100
AII125-8-56,16408,131,14580,100
AII125-8-56,16786,121,14870,100
B34-91,19457,101,17200,80
Nesmeyanov25-1-GGC15,19733,99,17650,80
Nesmeyanov25-1-GGC18,18163,144,16250,120
Nesmeyanov25-1-GGC20,19367,119,17350,100
Nesmeyanov25-1-GGC27,18695,223,16750,200
KNR140-26GGC,19185,118,16650,100
KNR140-43GGC,21250,140,18350,95
KNR140-50GGC,12578,45,11200,50
KNR140-51GGC,12694,51,11350,65
KNR140-66GGC,12923,57,11600,50
KNR140-01JPC,12869,71,11550,70
KNR140-12JPC,12290,87,10950,55
KNR140-12JPC,18208,84,15750,75
KNR140-22JPC,18161,106,15700,95
KNR140-02JPC,12365,193,11050,160
HU89038-8PC,17079,69,14800,60
HU89038-8PC,19247,110,16700,90
OCE326-GGC5,17025,75,14750,65
64-480,19617,159,17000,130
KNR73-3PC,3290,22,3555,15
KNR73-3PC,6909,30,6620,25
KNR73-3PC,17001,96,14727.5,80
KNR73-3PC,25752,186,22380,190
KNR73-3PC,28878,269,25520,250
KNR73-4PC,5323,21,5170,15
KNR73-4PC,6753,32,6487.5,25
KNR73-4PC,13332,49,12010,45
KNR73-4PC,18019,77,15550,75
KNR73-4PC,24029,150,20830,140
KNR73-4PC,26781,142,23365,120
KNR73-6PG,19189,85,16650,65
ME0005-24JC,17721,98,15300,70
ME0005-24JC,21327,144,18400,95
PLDS-007G,16272,91,14150,70
PLDS-007G,18932,129,16425,120
PLDS-007G,20436,141,17675,120
RNDB-PC11,13963,66,13100,50
RNDB-PC13,10714,64,10450,40
RNDB-PC13,13846,89,13000,70
RNDB-PC13,13902,61,13050,50
S67-FFC15,13329,203,12000,190
S67-FFC15,25185,228,21800,210
VNTR01-10GC,16303,70,14175,55
VNTR01-10GC,25617,88,22200,90
KNR140-39GGC,1364,39,1980,35
KNR140-39GGC,6907,49,6620,40
KNR140-39GGC,12696,35,11350,50
KNR140-39GGC,19487,94,16900,75
KNR140-37JPC,18209,94,15750,80
KNR140-37JPC,21121,120,18250,95
KNR140-37JPC,24537,155,21250,120
KNR140-37JPC,27272.5,215,23900,250
KNR140-12JPC,17252,94,14950,80
KNR140-12JPC,18964.5,142,16450,130
KNR178-2GC,19431,69,16850,60
KNR178-2GC,20239,81,17500,70
KNR178-2GC,20352,65,17600,60
KNR178-2GC,21256,95,18350,70
KNR197-10-CDH42,17717,125,15300,95
KNR197-10-CDH42,18319,90,15850,75
KNR197-10-CDH42,19551,127,16950,100
KNR197-10-CDH42,19934,81,17250,65
KNR197-10-CDH42,21407,217,18450,160
KNR197-10-GGC17,14915,85,13100,60
KNR197-10-GGC17,20460,43,17700,40
KNR31GPC5,12421.5,375,11150,310
OCE326-GGC14,13844,90,12450,70
OCE326-GGC14,14106,89,12650,60
OCE326-GGC14,14257,98,12750,55
OCE326-GGC14,15557,101,13600,75
146-893A,1007,60,1850,60
146-893A,1721,86,2520,70
146-893A,2988,89,3555,70
146-893A,4577,73,4800,50
146-893A,6197,77,6200,70
146-893A,8294,99,8235,90
146-893A,9362,184,9100,150
146-893A,10647,130,10080,80
146-893A,10855,126,10210,90
146-893A,10925,101,10260,70
146-893A,12913,230,11810,240
146-893A,13430,74,12340,70
146-893A,14331,265,12990,170
146-893A,16412,170,14490,130
146-893A,17099,291,15040,230
146-893A,17725,172,15550,140
146-893A,18917,212,16630,190
146-893A,19607,176,17220,140
146-893A,28647,270,25530,260
DAPC2,3672,200,3740,55
DAPC2,9238,200,8590,90
DAPC2,11833.17099,200,10830,90
DAPC2,12760.90992,200,11380,110
DAPC2,15379.19292,200,13410,130
DAPC2,16004.95015,200,14400,110
DAPC2,16148.09016,200,14900,110
DAPC2,16410.39673,200,15330,100
DAPC2,16562.53209,200,15390,130
DAPC2,16996.02111,200,15400,170
DAPC2,17155.16235,200,15560,140
DAPC2,18037.76161,200,16430,130
DAPC2,19532.75967,200,17310,130
DAPC2,20177.08224,200,17870,130
DAPC2,22424.33543,200,19730,140
DAPC2,22974.25421,200,20280,150
DAPC2,23320.09804,200,20450,170
DAPC2,23929.50001,200,21410,200
DAPC2,25015.09809,200,21860,190
DAPC2,25646.69853,200,23660,210
DAPC2,26270.51349,200,23950,220
MV99-GC38,11460,25,11450,35
MV99-GC38,11550,25,11340,35
MV99-GC38,11700,30,11910,35
MV99-GC38,12570,326,11875,30
MV99-GC38,13620,175,13030,30
MV99-GC38,13910,95,13090,30
MV99-GC38,14380,75,13715,40
MV99-GC38,14490,116.5,13895,30
MV99-GC38,14580,105,13755,30
MV99-GC38,14700,50,13845,30
MV99-GC38,15550,365,14630,40
MV99-GC38,16640,350,15090,40
MV99-GC38,17100,205,15300,30
MV99-GC38,18190,310,15735,40
MV99-GC38,18940,280,16210,40
MV99-GC38,19940,316,17415,40
MV99-GC38,20760,265,18270,50
MV99-GC38,22250,375,19440,50
MV99-GC38,24550,515,21210,60
MV99-GC38,31150,225.5,26360,190
MV99-MC17/GC32/PC10,12430,210,12825,45
MV99-MC17/GC32/PC10,13200,385,13035,50
MV99-MC17/GC32/PC10,13440,115,12820,50
MV99-MC17/GC32/PC10,13630,85,13045,35
MV99-MC17/GC32/PC10,13810,70,13055,35
MV99-MC17/GC32/PC10,13940,109.5,13425,45
MV99-MC17/GC32/PC10,14100,50,13335,50
MV99-MC17/GC32/PC10,14260,55,13380,60
MV99-MC17/GC32/PC10,14430,130.5,13285,35
MV99-MC17/GC32/PC10,14600,166.5,13155,35
MV99-MC17/GC32/PC10,14860,149,14330,40
MV99-MC17/GC32/PC10,16430,1061,13625,40
MV99-MC17/GC32/PC10,17230,1569,16530,70
MV99-MC17/GC32/PC10,17920,1746,17200,70
MV99-MC17/GC32/PC10,18710,1240,15160,60
MV99-MC17/GC32/PC10,19480,745,16720,70
MV99-MC17/GC32/PC10,20250,298,17440,60
MV99-MC17/GC32/PC10,22300,800,19580,80
MV99-MC17/GC32/PC10,25680,1533,22940,190
MV99-MC17/GC32/PC10,11950,115,12230,45
W8709A-13,8158,110,8200,40
W8709A-13,8680,103,8680,60
W8709A-13,9016.5,100,8895,40
W8709A-13,9565.5,98,9400,80
W8709A-13,9837,102,9580,70
W8709A-13,10365,117,9940,70
W8709A-13,11288,122,10610,80
W8709A-13,11751.5,84,11005,40
W8709A-13,11913,127,10985,40
W8709A-13,12619,130,11615,45
W8709A-13,13043,73,12035,45
W8709A-13,13510,105,12510,60
W8709A-13,14260,131,13080,35
W8709A-13,15348,116,13770,35
W8709A-13,15659,107,14015,35
W8709A-13,16280,70,14490,35
W8709A-13,16536,56,14690,35
W8709A-13,16782,79,14840,45
W8709A-13,17205,111,15260,35
W8709A-13,17532.5,76,15500,40
W8709A-13,17745,168,15620,35
W8709A-13,20368,283,17940,45
W8709A-13,22355.5,230,19640,60
KNR159-5-78GGC,640,10,1235,15
KNR159-5-78GGC,6012,24,5810,15
KNR159-5-78GGC,7808,22,7530,20
KNR159-5-78GGC,9312,31,8800,25
KNR159-5-78GGC,11364,38,10390,20
KNR159-5-78GGC,13869,49,12475,35
KNR159-5-78GGC,14141,53,12685,35
KNR159-5-78GGC,15336,55,13435,40
KNR159-5-78GGC,15801,50,13785,35
KNR159-5-78GGC,16189,66,14085,54
KNR159-5-78GGC,17267,74,14960,60
KNR159-5-78GGC,17367,96,15040,70
KNR159-5-78GGC,17808,61,15360,50
KNR159-5-78GGC,18184,67,15723,72
KNR159-5-78GGC,18676,50,16160,60
KNR159-5-78GGC,19248,86,16700,70
KNR159-5-78GGC,19594,76,16990,60
MD77-176,2651,146,3060,60
MD77-176,5294,157.5,5120,70
MD77-176,7276,149,6960,80
MD77-176,10016,144,9350,45
MD77-176,12107,221.25,10950,90
MD77-176,12861,148,11450,90
MD77-176,14605,271.25,12910,110
MD77-176,17227,232.75,14880,70
MD77-176,18773,199.5,16420,70
MD77-176,19456,253,16660,120
MD77-176,26722,283.75,23420,140
146-893A,15518,377,13800,280
146-893A,16670,169,14690,140
146-893A,16722,217,14740,180
146-893A,16976,191,14940,160
146-893A,17372,80,15280,60
146-893A,17974,145,15750,130
146-893A,18053,155,15830,140
LV29-114-3,9650,71,9630,50
LV29-114-3,10833,86,10465,50
LV29-114-3,13113,54,12290,55
LV29-114-3,14147,89,13180,60
LV29-114-3,15953,105,14400,80
LV29-114-3,16890,94,15130,80
SO178-13-6,14532,176,13390,100
SO178-13-6,15985,61,14420,45
SO178-13-6,16850,73,15090,60
SO201-2-101,13653,63,12600,55
SO201-2-101,16918,68,14950,60
SO201-2-101,19629,147,17310,120
SO201-2-12KL,11266,83,10800,65
SO201-2-12KL,13321,55,12500,50
SO201-2-12KL,13771,74,12900,50
SO201-2-12KL,15291,74,13900,55
SO201-2-77,11115,41,10450,40
SO201-2-77,12579,45,11500,50
SO201-2-77,14567,101,13200,45
SO201-2-85,11110,70,10450,55
SO201-2-85,15489,105,13850,80
SO201-2-85,19674,80,17350,65
SO202/1_18-6,11657,40,10850,25
SO202/1_18-6,11802,81,10950,55
SO202/1_18-6,12116.5,111,11150,65
SO202/1_18-6,12866,63,11850,60
JT96-09PC,10013,97,9760,70
JT96-09PC,12463,134,11500,110
JT96-09PC,13079,122,12460,120
JT96-09PC,13259,87,12640,90
JT96-09PC,14205,131,13410,80
JT96-09PC,14398,146,13520,70
JT96-09PC,15345,92,14140,70
JT96-09PC,10430,200,9760,70
JT96-09PC,10555.5,379.75,9360,240
JT96-09PC,11425,348.5,11500,110
JT96-09PC,12115,324.75,12460,120
JT96-09PC,12709.5,316.625,12640,90
JT96-09PC,14468,311.625,13410,80
JT96-09PC,14786,321.75,13520,70
JT96-09PC,15612,366,14140,70
KR02-15-PC06,4816,335.25,5170,60
KR02-15-PC06,5047,86,5170,60
KR02-15-PC06,7154,94,7070,90
KR02-15-PC06,7327.8,255.5,7070,90
KR02-15-PC06,8062,59,8010,60
KR02-15-PC06,8319.2,297.45,8010,60
KR02-15-PC06,11387,123,10610,90
KR02-15-PC06,11393,300.2,10610,90
KR02-15-PC06,11771,111,10860,70
KR02-15-PC06,12195.2,299.425,10860,70
KR02-15-PC06,13911,407.25,13470,70
KR02-15-PC06,14395,405.25,13530,70
KR02-15-PC06,15088,87,13470,70
KR02-15-PC06,15164,89,13530,70
KR02-15-PC06,18630,200,12900,700
SU90-08,2084,200,3097,55
SU90-08,2084,200,3407,61
SU90-08,3312,200,3319,56
SU90-08,3312,200,3564,60
SU90-08,4959,200,4760,62
SU90-08,4959,200,4558,61
SU90-08,6637,200,6520,70
SU90-08,6637,200,5845,69
SU90-08,10189,200,9372,89
SU90-08,10189,200,9320,82
SU90-08,11180,200,10340,40
SU90-08,11658,200,11501,94
SU90-08,12338,200,11749,97
SU90-08,12338,200,11482,94
SU90-08,13128,200,11811,96
SU90-08,13128,200,11913,95
SU90-08,13407,200,12460,109
SU90-08,13407,200,12675,96
SU90-08,13790,200,12563,105
SU90-08,13790,200,12154,45
SU90-08,14434,200,13548,113
SU90-08,14434,200,13782,105
SU90-08,16634,200,16677,56
SU90-08,17550,200,17400,156
SU90-08,18945,200,18432,164
SU90-08,18945,200,18515,168
SU90-08,19982,200,18884,167
SU90-08,19982,200,18972,172
SU90-08,21565,200,19467,198
SU90-08,22949,200,20322,73
SU90-08,23327,200,20823,213
SU90-08,23511,200,20954,218
SU90-08,24016,200,21429,85
SU90-08,24569,200,21793,224
SU90-08,24569,200,22454,249
SU90-08,25248,200,23044,260
SU90-08,25248,200,22757,245
167-1019,10260,149,9950,110
167-1019,10596,181,10210,120
167-1019,12308,207,11410,170
167-1019,12535,158,11580,140
167-1019,12879,97,11950,110
167-1019,14632,203,13350,120
167-1019,16940,144,15080,120
167-1019,18099,165,16040,140
167-1019,21008,267,18550,210
167-1019,24069,329,21240,280
W8709A-13,10547,240,9960,230
W8709A-13,11365,110,10720,70
W8709A-13,12142,105,11200,60
W8709A-13,13827,86,12760,60
W8709A-13,14211,121,13000,90
W8709A-13,15210,97,13700,70
W8709A-13,15622,113,14050,140
W8709A-13,15785,129,14020,140
W8709A-13,18952,123,16710,120
W8709A-13,19205.5,135,17030,150
W8709A-13,24771.5,218,22000,250
W8709A-13,24988,227,21910,240
KT89-18-P4,10446,179,9800,133
KT89-18-P4,11707,169,10692,108
KT89-18-P4,12851,90,11622,101
KT89-18-P4,13711,116,12450,91
KT89-18-P4,15225,148,13447,113
KT89-18-P4,19821,538,17275,478
KT89-18-P4,22645,323,19655,303
MD01-2420,2497,46,3010,25
MD01-2420,8059,44,7880,40
MD01-2420,10122,53,9530,40
MD01-2420,11729,86,10700,55
MD01-2420,12427,76,11150,55
MD01-2420,12937,83,11717,88
MD01-2420,13373,52,12150,50
MD01-2420,13651,56,12400,45
MD01-2420,14972,221,13258,141
MD01-2420,15310,140,13510,113
MD01-2420,15824,69,13900,50
MD01-2420,16853,84,14696,70
MD01-2420,18863,145,16457,141
MD01-2420,19507,56,17020,50
MD01-2420,22527,72,19555,60
MR06-04_PC04A,10716,86,10400,50
MR06-04_PC04A,11256,51,10800,45
MR06-04_PC04A,11480,78,10950,45
MR06-04_PC04A,13024,60,12200,60
MR06-04_PC04A,13903,56,13000,45
MR06-04_PC04A,18608,111,16600,95
MD02-2461,12589.968,200,11032,39
MD02-2461,13303.97925,200,12551,46
MD02-2461,15181.998,200,11950,43
MD02-2461,16546.88989,200,14530,58
MD02-2461,17520.48449,200,15118,64
MD02-2461,19426.82409,200,15518,63
MD02-2461,20254.04148,200,15174,60
MD02-2461,20938.998,200,17130,77
MD02-2461,21783.81415,200,18233,87
MD02-2461,23108.62184,200,18665,89
MD02-2461,24082.28684,200,19128,94
MD02-2461,24987.64916,200,20193,118
MD02-2461,25743.168,200,20931,129
EW0408-26JC,13550,200,12295,30
EW0408-26JC,13975,160.5,12855,40
EW0408-26JC,14267,143.625,13290,35
EW0408-26JC,14576,139.25,13195,30
EW0408-26JC,14735,142.375,13230,45
EW0408-26JC,15443.5,166,13840,40
EW0408-26JC,16772.5,206,15165,40
EW0408-26JC,11800,200,10330,40
EW0408-87JC,1529,11.5,1640,15
EW0408-87JC,8337,138.75,8520,20
EW0408-87JC,11393,98.5,10715,20
EW0408-87JC,11733,73.75,10975,30
EW0408-87JC,12142,60,11090,25
EW0408-87JC,12623,75.25,11695,30
EW0408-87JC,13288,73,12460,40
EW0408-87JC,14205,114.5,13170,40
EW0408-87JC,14571,140,13330,45
EW0408-87JC,15293,140.25,13830,30
EW0408-87JC,15811,109.75,14290,40
EW0408-87JC,16134,116.75,14560,70
EW0408-87JC,16297,130.5,14840,70
EW0408-87JC,16408,134.5,14930,60
EW0408-87JC,16969,186,15060,45
LPAZ21P,10892,193,15730,270
LPAZ21P,11451,256,14090,60
LPAZ21P,11574,249,15630,80
LPAZ21P,11577,257,14950,80
LPAZ21P,11962,298,15630,90
LPAZ21P,12229,254,15280,100
LPAZ21P,12723,209,16155,50
LPAZ21P,12992,128,16660,100
LPAZ21P,13577,166,17060,440
LPAZ21P,13578,166,17040,100
LPAZ21P,13694,156,15920,110
LPAZ21P,13941,265,17600,60
LPAZ21P,14539,253,17080,340
LPAZ21P,14558,255,16910,340
LPAZ21P,16356,240,17800,180
LPAZ21P,16358.5,235,17550,120
LPAZ21P,16746,203,16650,160
LPAZ21P,18493,132,16560,60
LPAZ21P,18496,134,17060,110
LPAZ21P,20728,164,19660,70
LPAZ21P,20917,197,19560,560
LPAZ21P,21645,231,20210,80
LPAZ21P,22026,204,20970,190
LPAZ21P,22030,204,20940,500
LPAZ21P,23046,250,21810,210
LPAZ21P,24423,219,22640,100
LPAZ21P,26702,174,24910,200
LPAZ21P,26706,177,25520,320
LPAZ21P,27725,130,27090,300
LPAZ21P,29461,176,26560,550
LPAZ21P,31069,72,29970,630
MD97-2106,25190,181.25,22040,70
MD97-2106,25999,192.625,23020,100
MD97-2106,26199,239.75,23080,100
MD97-2106,27464.5,245.375,23530,140
MD97-2106,28343,340.25,25880,130
MD97-2106,29272.5,261.5,26190,140
MD97-2106,29810.75,270.75,27020,160
MD97-2106,30133,284,26800,110
ML1208-01PC,5740.5,74.875,5715,15
ML1208-01PC,9595.5,150.625,9650,30
ML1208-01PC,17685.5,728.125,18000,250
VINO19-4-GGC37,2250,500,6780,20
VINO19-4-GGC37,4000,500,6660,20
VINO19-4-GGC37,4500,500,6620,20
VINO19-4-GGC37,6500,500,6830,20
VINO19-4-GGC37,8000,500,8025,20
VINO19-4-GGC37,9750,500,8495,25
VINO19-4-GGC37,9792,537.5,9310,25
VINO19-4-GGC37,10000,500,9380,25
VINO19-4-GGC37,10178,521.5,10115,25
VINO19-4-GGC37,10250,500,9365,30
VINO19-4-GGC37,10684,523.5,10170,25
VINO19-4-GGC37,11182,780,10640,25
VINO19-4-GGC37,11842,487.5,11125,35
VINO19-4-GGC37,12509,417.5,11810,30
VINO19-4-GGC37,12931,411,12015,30
VINO19-4-GGC37,13121,304,12205,30
VINO19-4-GGC37,13323,347.5,12385,35
VINO19-4-GGC37,13458,272.5,12675,30
VINO19-4-GGC37,13598,285.5,12725,35
VINO19-4-GGC37,13708,289.5,12900,30
VINO19-4-GGC37,13799,275.5,12890,30
VINO19-4-GGC37,13889,302.5,13055,30
VINO19-4-GGC37,13952,284,13010,30
VINO19-4-GGC37,14016,299,13165,35
VINO19-4-GGC37,14075,314.5,13085,40
VINO19-4-GGC37,14134,321.5,13195,30
VINO19-4-GGC37,14187,360,11260,30
VINO19-4-GGC37,14254,352.5,12920,40
VINO19-4-GGC37,14320,377,11280,35
VINO19-4-GGC37,14399,373,12140,160
VINO19-4-GGC37,14500,367,13270,90
VINO19-4-GGC37,14597,412.5,13270,110
VINO19-4-GGC37,15242,479.5,14300,35
VINO19-4-GGC37,15961,590.5,13715,45
VINO19-4-GGC37,16571,629.5,15020,45
VINO19-4-GGC37,17547,557,15525,40
VINO19-4-GGC37,18251,551,16680,100
VINO19-4-GGC37,18648,513,16670,40
VINO19-4-GGC37,18955,564.5,16970,60
HU72-021-3,19302,145,16750,120
HU72-021-7,13424,105,12100,95
KNR140-30GGC,13963,84,12550,65
KNR140-39GGC,14265,134,12750,75
KNR140-51GGC,11044,83,10100,55
KNR140-51GGC,11157,53,10200,55
KNR140-56GGC,10594,76,9810,55
KNR140-12JPC,10466,74,9720,50
PS75/104-1,7482,850,7763,110
PS75/104-1,15538,672,14073,134
PS75/104-1,17282,596,14592,134
PS75/104-1,18672,614,15678,138
PS2606-6,1576,103,2400,105
PS2606-6,1787,108,2450,114
PS2606-6,2362,79,3030,20
PS2606-6,3452.5,145,3919,112
PS2606-6,5120,83,5220,25
PS2606-6,5412,50,5350,25
PS2606-6,6474,118,6242,113
PS2606-6,7745,109,7488,114
PS2606-6,8610,148,8305,122
PS2606-6,9401,73,8940,30
PS2606-6,10878.5,96,10050,30
PS2606-6,11400,140,10495,120
PS2606-6,12058,122,10900,40
PS2606-6,12533.5,206,9565,125
PS2606-6,13230,183,12600,90
PS2606-6,13314,190,12192,143
PS2606-6,13697,298,11109,134
PS2606-6,14168.5,339,3118,107
PS2606-6,15339.5,97,13900,60
PS69/907-2,1951,295,2680,25
PS69/907-2,6979,179,6823,121
PS69/907-2,7403,152,7012,118
PS69/907-2,9248,204,8820,35
PS69/907-2,10788.5,447,10350,40
PS69/907-2,10995,474,8907,121
PS69/907-2,11203.5,204,10325,131
PS69/907-2,11557,169,10494,133
PS69/907-2,12292.5,202,11033,133
PS69/907-2,13423,136,12606,141
PS69/907-2,14120,255,13206,112
PS69/907-2,16864,291,14993,172
PS69/907-2,18095,187,16334,160
PS69/907-2,18606,224,16613,135
PS69/907-2,22597.5,228,19979,171
PS69/907-2,23426,375,20396,233
PS69/907-2,30121,402,27600,290
PS69/907-2,37545,1236,34100,1200
PS69/912-3,5407.5,38,5200,25
PS69/912-3,7563,43,7210,40
PS69/912-3,11135,177,10384,122
PS69/912-3,11891,195,10871,135
PS69/912-3,12432,162,10970,134
PS69/912-3,14745,254,13536,147
PS69/912-3,17281,172,15398,153
PS69/912-3,17856,168,16017,160
PS69/912-3,18469.5,188,16300,220
PS69/912-3,19420,159,17703,170
PS69/912-3,19793,179,17508,155
PS69/912-3,20676,405,17100,130
PS69/912-3,22051.5,241,19335,176
PS69/912-3,30054,339,27672,302
PS69/912-3,30928.5,336,28600,530
PS69/912-3,31641,520,28600,640
PS69/912-3,36970,1858,39800,5300
PS69/912-3,39890.5,1761,33500,2200
PS69/912-4,12870,80,11600,65
PS69/912-4,15717,250,14150,190
PS69/912-4,20157,1572,20379,307
PS69/912-4,21936,1804,19100,310
PS69/912-4,30621,1178,28300,950
PS69/912-4,45484,5068,41800,6500
TR163-31,19264,292,16700,260
TR163-31,25415,234,22030,250
TR163-31,25428,271,22060,280
TR163-31,27841,317,24510,320
PC75-1,3525.5,121,3947,29
PC75-1,17527,419,15371,319
PC75-1,26377,1310,22904,1221
PC75-2,3201,156,3670,20
PC75-2,7595.5,119,7505,25
PC75-2,9487,130,9160,40
PC75-2,13361,126,12255,50
PC75-2,16073,107,14175,45
PC75-2,19263,342,16880,250
MD07-3088,1526.5,58,2510,30
MD07-3088,3919,57,4475,30
MD07-3088,9140,78,9080,30
MD07-3088,10357,57,10050,35
MD07-3088,11331,57,10880,35
MD07-3088,12621,38,11765,35
MD07-3088,13655,50,12885,40
MD07-3088,14051,61,13185,45
MD07-3088,14400.5,64,13755,35
MD07-3088,14676.5,78,13840,45
MD07-3088,15246,66,14290,50
MD07-3088,15618,65,14560,50
MD07-3088,16103,84,14970,80
MD07-3088,16370,58,15145,50
MD07-3088,16676,65,15365,50
MD07-3088,17260,81,15540,70
MD07-3088,17723,64,16295,50
MD07-3088,17829,51,15990,50
MD07-3088,17908,81,15755,45
MD07-3088,18394.5,71,16320,45
MD07-3088,19894,123,17610,50
MD07-3088,1734,91,2510,30
MD07-3088,4096,98,4475,30
MD07-3088,11255,183,10880,35
MD07-3088,13853,112,12885,40
MD07-3088,14525,226,13755,35
RR0503-36JPC,25650,40,21770,70
RR0503-36JPC,25650,40,21770,70
RR0503-64JPC,13998,110,12720,45
RR0503-64JPC,17906,147,15020,60
RR0503-64JPC,17906,147,15245,40
RR0503-64JPC,13998,110,12720,45
RR0503-64JPC,17906,147,15020,60
RR0503-64JPC,17906,147,15245,40
RR0503-79JPC,13998,110,11895,35
RR0503-79JPC,13998,110,12810,35
RR0503-79JPC,25650,40,21250,60
RR0503-79JPC,25650,40,22140,60
RR0503-79JPC,13998,110,11895,35
RR0503-79JPC,13998,110,12810,35
RR0503-79JPC,25650,40,21250,60
RR0503-79JPC,25650,40,22140,60
RR0503-83GC,8009,69,7540,25
RR0503-83GC,8009,69,7750,30
RR0503-83GC,8009,69,8350,25
RR0503-83GC,8009,69,8200,30
RR0503-83GC,17906,147,15580,45
RR0503-83GC,17906,147,15515,40
RR0503-83GC,17906,147,15835,40
RR0503-83GC,17906,147,15965,40
RR0503-83GC,8009,69,7540,25
RR0503-83GC,8009,69,7750,30
RR0503-83GC,8009,69,8350,25
RR0503-83GC,8009,69,8200,30
RR0503-83GC,17906,147,15580,45
RR0503-83GC,17906,147,15515,40
RR0503-83GC,17906,147,15835,40
RR0503-83GC,17906,147,15965,40
S794,25650,40,19450,70
S794,25650,40,22020,80
S794,25650,40,19450,70
S794,25650,40,22020,80
S931,25650,40,20430,70
S931,25650,40,22200,80
S931,25650,40,20430,70
S931,25650,40,22200,80
S938,25650,40,21640,80
S938,25650,40,21640,80
MD07-3076,8130.75,266.328125,8390,40
MD07-3076,8381.66531,200,8672.5,150
MD07-3076,8974.75,452.440625,9070,50
MD07-3076,8974.75,452.440625,9510,50
MD07-3076,8974.75,452.440625,9520,40
MD07-3076,9619.75,555.725,9560,40
MD07-3076,10279.25,549.596875,9790,50
MD07-3076,10279.25,549.596875,10060,50
MD07-3076,10608.75,511.446875,10300,45
MD07-3076,11390,290.578125,10470,50
MD07-3076,11390,290.578125,10570,60
MD07-3076,11390,290.578125,10670,50
MD07-3076,11706.1041,200,10635,150
MD07-3076,11795.25,184.284375,10600,50
MD07-3076,11795.25,184.284375,10730,50
MD07-3076,11996.75,184.159375,10790,50
MD07-3076,11996.75,184.159375,10820,50
MD07-3076,12288,179.659375,11400,50
MD07-3076,12944.5,176.328125,11835,50
MD07-3076,13272.5,188.78125,12760,60
MD07-3076,13330,200,12835,150
MD07-3076,14156,197.065625,13360,60
MD07-3076,14561.5,149.14375,13300,60
MD07-3076,14701.25,151.9,13430,60
MD07-3076,14747.01849,200,13452.5,150
MD07-3076,15003.5,155.825,13520,110
MD07-3076,15350.25,164.55625,13260,60
MD07-3076,15350.25,164.55625,13380,60
MD07-3076,15350.25,164.55625,13380,70
MD07-3076,15350.25,164.55625,13440,60
MD07-3076,15350.25,164.55625,13450,60
MD07-3076,16596.25,404.04375,15360,60
MD07-3076,16596.25,404.04375,15360,70
MD07-3076,16596.25,404.04375,15560,80
MD07-3076,17089.5,405.21875,15650,180
MD07-3076,17875.25,245.565625,16510,210
MD07-3076,18246.5,197.2125,16697.77836,49.793063
MD07-3076,18453,189.090625,17030,200
MD07-3076,18456.11132,200,16698,150
MD07-3076,18647.5,184.30625,17400,120
MD07-3076,19245.25,177.64375,18220,100
MD07-3076,19727.75,196.403125,18070,130
MD07-3076,20573.25,231.18125,19060,130
MD07-3076,22746,264.16875,20580,130
MD07-3076,24271.70731,200,21346.66667,150
MD07-3076,1143.75,340.69375,2230,30
MD07-3076,1918.5,673.678125,2362.015656,35
MD07-3076,3567.25,1039.575,3725.360525,36.861007
MD07-3076,4621,1062.084375,4905,35
MD07-3076,6279,972.8875,6506.346943,37.395044
MD07-3076,6903.75,757.603125,6731.742998,35.819984
MD07-3076,8130.75,266.328125,8390,40
MD07-3076,8974.75,452.440625,9366.66667,46.66667
MD07-3076,10279.25,549.596875,9925,70.710678
MD07-3076,10608.75,511.446875,10300,45
MD07-3076,11390,290.578125,10570,53.33333
MD07-3076,11795.25,184.284375,10665,70.710678
MD07-3076,11996.75,184.159375,10805,70.710678
MD07-3076,12288,179.659375,11400,50
MD07-3076,12944.5,176.328125,11835,50
MD07-3076,13272.5,188.78125,12760,60
MD07-3076,14156,197.065625,13360,60
MD07-3076,14156,197.065625,13360,60
MD07-3076,14561.5,149.14375,13300,60
MD07-3076,14701.25,151.9,13430,60
MD07-3076,15003.5,155.825,13520,110
MD07-3076,15350.25,164.55625,13382,62
MD07-3076,16596.25,404.04375,15426.66667,70
MD07-3076,17089.5,405.21875,15650,180
MD07-3076,17875.25,245.565625,16510,210
MD07-3076,18246.5,197.2125,16698,50
MD07-3076,18453,189.090625,17030,200
MD07-3076,18647.5,184.30625,17400,120
MD07-3076,19245.25,177.64375,18220,100
MD07-3076,19727.75,196.403125,18070,130
MD07-3076,20573.25,231.18125,19060,130
MD07-3076,22746,264.16875,20580,130
MD07-3076,24660.75,349.803125,21730,100
MD97-2121,1718,10,2331,40
MD97-2121,7027,170,6884,30
MD97-2121,9906,246,8812,36
MD97-2121,11195,51,10552,38
MD97-2121,14324,254,12839,45
MD97-2121,17845,380,15986,56
MD97-2121,25358,162,22322,85
MD97-2121,7027,170,6884,30
MD97-2121,9906,246,8812,36
MD97-2121,11195,51,10552,38
MD97-2121,14324,254,12839,45
MD97-2121,17845,380,15986,56
MD97-2121,25358,162,22322,85
CD38-17P,18727,93,17124,98
CD38-17P,19924,149,18148,115
CHAT-10K,22359,149,20440,140
CHAT-16K,17842,60,16550,50
CHAT-3K,18588,96,17235,77
CHAT-3K,20358,71,18765,65
CHAT-5K,19036,121,17688,107
CHAT-5K,19424,77,18005,65
GeoB2104-3,18592,95,16911,76
GeoB2104-3,18718,64,17046,77
GeoB2104-3,20133,126,18249,107
GeoB2104-3,21212,161,19148,117
MD08-3169,18047,78,16371,78
MD08-3169,18851,88,17148,89
MD08-3169,18871,86,17171,85
MD08-3169,20956,88,18920,70
MD97-2121,18870.58413,200,16501,85
MD97-2121,20468.5873,200,18197,72
MD97-2121,21160.26032,200,18691,71
MD97-2121,22352.8,200,19650,75
MD98-2165,18307,102,16675,90
MD98-2165,18513,92,16864,77
MD98-2165,19492,106,17747,82
MD98-2165,21161,112,19126,86
SK129-CR2,20774,96,18723,83
TR163-22,18773,68,17167,77
TR163-22,20326,124,18468,108
TR163-22,21848,103,19665,85
TR163-31,17525,85,17240,60
TR163-31,20088,106,19460,90
MD04-2829CQ,1300,200,1790,150
MD04-2829CQ,10900,200,9794,150
MD04-2829CQ,11620,200,10964.66667,150
MD04-2829CQ,13200,200,11574,150
MD04-2829CQ,14540,200,12686,150
MD04-2829CQ,15400,200,14468.4,150
MD04-2829CQ,17820,200,16559.42857,150
17/1GCA,499,125,1058,26
17/1GCA,9366,133,8879,53
17/1GCA,10159,90,9481,57
17/1GCA,11331,78,10375,51
17/1GCA,11467,88,10397,52
17/1GCA,12063,99,10870,56
17/1GCA,12208,88,10893,60
17/1GCA,12810.5,73,11497,68
17/1GCA,13071,88,11716,68
17/1GCA,13804,134,12424,80
17/1GCA,14948,130,13135,79
17/1GCA,15146,104,13272,84
17/1GCA,15818,106,13817,62
17/1GCA,16491.5,97,14309,76
17/1GCA,16752,112,14501,63
17/1GCA,18332,133,15818,106
17/1GCA,18602,136,16125,110
17/1GCA,19376,167,16783,86
17/1GCA,22684,212,19658,136
GS07-150-20/2A,13187,49,11872,52
GS07-150-20/2A,14763,93,13000,50
GS07-150-20/2A,15188,73,13320,58
GS07-150-20/2A,16938,71,14668,64
MD09-3256,4415,361,4430,43
MD09-3256,10872,272,10005,49
MD09-3256,12347,158,11037,63
MD09-3256,12680,191,11287,58
MD09-3256,14477,270,12892,75
MD09-3256,15660.5,186,13687,100
MD09-3256,16419,179,14251,78
MD09-3256,17572,193,15176,81
MD09-3256,18269.5,148,15878,120
MD09-3256,18703.5,164,16159,65
MD09-3256,20143,326,17385,105
MD09-3256,21475,344,18544,159
MD09-3256,23921,363,20733,151
MD09-3257,595,210,1181,25
MD09-3257,7348,223,7046,43
MD09-3257,10845.5,132,9994,50
MD09-3257,11638,98,10532,51
MD09-3257,12495,79,11143,54
MD09-3257,12675.5,66,11292,56
MD09-3257,13302,94,11986,58
MD09-3257,14048,118,12615,60
MD09-3257,14598,123,12905,58
MD09-3257,15370,103,13490,69
MD09-3257,15754,113,13705,74
MD09-3257,16952.5,113,14692,77
MD09-3257,17566.5,130,15151,85
MD09-3257,18754,119,16252,87
MD09-3257,19215,143,16675,90
MD99-2334,315.03183,214.1972,761.63636,38.363913
MD99-2334,1649.88205,372.695,1624.41739,37.880756
MD99-2334,3410.34589,211.310695,3557.53333,38
MD99-2334,8671.97423,633.569455,8195.225,37.26413
MD99-2334,11752.63309,382.14392,10397.44,41.784922
MD99-2334,12058.93939,238.155255,10656.37143,39.258503
MD99-2334,12340.54918,194.278455,10812.34286,50
MD99-2334,12563.62471,161.50423,10904,50
MD99-2334,12735.45455,120.5,11030,50
MD99-2334,12911.80354,278.875,11181.47826,50
MD99-2334,13824.91667,643.270835,12542.91304,50
MD99-2334,14028.74838,598.76745,12684.56522,110
MD99-2334,14815.46338,126.693485,13231.33333,41.335871
MD99-2334,15022.60714,136.165625,13890,130
MD99-2334,15318.37946,132.359765,13919.11111,162.788206
MD99-2334,15799.45205,199.59281,14227.688,42.965047
MD99-2334,17391.63426,233.70726,15145.61111,43.785161
MD99-2334,17833.40813,220.02643,15533.8,47.546193
MD99-2334,18602.59807,221.831175,16252.81818,46.890391
MD99-2334,20051.63267,261.36469,17533.61,49.257052
MD99-2334,21290.82004,213.208655,18541.925,52.550559
MD99-2334,21705.84783,299.55104,19068.15,150
MD99-2334,24021.70596,525.53103,21023.1875,190
MD99-2334,24759.36656,604.52128,21599.75,180
MD99-2334,25569.76859,510.32514,22523.41667,220
MD99-2334,26889.80729,675.29245,23812.5,220
MD99-2334,27523.88217,478.625565,24426.6,220
MD99-2334,30044.57116,473.532355,26740,200
MD99-2334,30911.17008,493.9382,27173.25,310
MD99-2334,212.12069,214.1972,761.63636,38.363913
MD99-2334,1010.6,372.695,1624.41739,37.880756
MD99-2334,3215.85241,211.310695,3557.53333,38
MD99-2334,8559.63478,633.569455,8195.225,37.26413
MD99-2334,11266.73423,382.14392,10397.44,41.784922
MD99-2334,11855.79348,238.155255,10656.37143,39.258503
MD99-2334,12187.00418,194.278455,10812.34286,50
MD99-2334,12449.98718,161.50423,10904,50
MD99-2334,12592,120.5,11030,50
MD99-2334,12762,278.875,11181.47826,50
MD99-2334,14212.66667,643.270835,12542.91304,50
MD99-2334,14364.92857,598.76745,12684.56522,110
MD99-2334,15042.68856,126.693485,13231.33333,41.335871
MD99-2334,15341,136.165625,13890,130
MD99-2334,15531.07813,132.359765,13919.11111,162.788206
MD99-2334,15813.13699,199.59281,14227.688,42.965047
MD99-2334,17263.59018,233.70726,15145.61111,43.785161
MD99-2334,17886.88372,220.02643,15533.8,47.546193
MD99-2334,18808.10462,221.831175,16252.81818,46.890391
MD99-2334,20435.23729,261.36469,17533.61,49.257052
MD99-2334,21693.28416,213.208655,18541.925,52.550559
MD99-2334,22227.79167,299.55104,19068.15,150
MD99-2334,24236.02994,525.53103,21023.1875,190
MD99-2334,25223.37342,604.52128,21599.75,180
MD99-2334,25952.39636,510.32514,22523.41667,220
MD99-2334,27171.75,675.29245,23812.5,220
MD99-2334,27718.2541,478.625565,24426.6,220
MD99-2334,30167.34118,473.532355,26740,200
MD99-2334,30928.53514,493.9382,27173.25,310
SHAK03-6K,292,252.5875,815,27
SHAK03-6K,3621.5,563.453125,3787,30
SHAK03-6K,7953,489.190625,7483,40
SHAK03-6K,11948.625,478.9875,10692,65
SHAK03-6K,13234.75,269.85,11604,48
SHAK03-6K,14511.875,274.98125,12724,109
SHAK03-6K,15148.5,111.53125,13357,53
SHAK03-6K,15556.25,97.775,13961,50
SHAK03-6K,16131.25,182.3125,14564.5,99.764723
SHAK03-6K,17675,271.19375,15349,64
SHAK03-6K,18145.625,293.021875,15683,71
SHAK03-6K,19788.5,374.01875,17169,86
SHAK03-6K,22765,417.2375,19589,144
SHAK03-6K,31703,486.05,28392,433.497405
SHAK03-6K,34248.375,685.7875,30628,438
SHAK03-6K,292,252.5875,815,27
SHAK03-6K,3621.5,563.453125,3787,30
SHAK03-6K,7953,489.190625,7483,40
SHAK03-6K,11948.625,478.9875,10692,65
SHAK03-6K,13234.75,269.85,11604,48
SHAK03-6K,14511.875,274.98125,12724,109
SHAK03-6K,15148.5,111.53125,13357,53
SHAK03-6K,15556.25,97.775,13961,50
SHAK03-6K,16131.25,182.3125,14564.5,99.764723
SHAK03-6K,17675,271.19375,15349,64
SHAK03-6K,18145.625,293.021875,15683,71
SHAK03-6K,19788.5,374.01875,17169,86
SHAK03-6K,22765,417.2375,19589,144
SHAK03-6K,31703,486.05,28392,433.497405
SHAK03-6K,34248.375,685.7875,30628,438
SHAK05-3K,3702.75,636.74375,3861,40
SHAK05-3K,7392.125,504.9125,6849,36
SHAK05-3K,10739.5,648.825,9606,52
SHAK05-3K,12571.5,544.090625,11024,56
SHAK05-3K,13006.5,237.521875,11392,46
SHAK05-3K,13916.375,185.028125,12226,50
SHAK05-3K,15873,308.5125,14117,62
SHAK05-3K,16874.75,501.309375,14930,62
SHAK05-3K,18752.125,395.184375,16194,79
SHAK05-3K,19878.25,234.8,17144,91
SHAK05-3K,22746.875,335.859375,19536,136
SHAK05-3K,3702.75,636.74375,3861,40
SHAK05-3K,7392.125,504.9125,6849,36
SHAK05-3K,10739.5,648.825,9606,52
SHAK05-3K,12571.5,544.090625,11024,56
SHAK05-3K,13006.5,237.521875,11392,46
SHAK05-3K,13916.375,185.028125,12226,50
SHAK05-3K,15873,308.5125,14117,62
SHAK05-3K,16874.75,501.309375,14930,62
SHAK05-3K,18752.125,395.184375,16194,79
SHAK05-3K,19878.25,234.8,17144,91
SHAK05-3K,22746.875,335.859375,19536,136
SHAK06-4K,20329.06,200,17508,97
SHAK06-4K,22185.35375,200,18950,106
SHAK06-4K,20329.06,200,17508,97
SHAK06-4K,22185.35375,200,18950,106
SHAK10-10K,574,86.765625,1110,36
SHAK10-10K,1073.75,118.76875,1700,20
SHAK10-10K,1692.875,276.846875,2287,47
SHAK10-10K,6249.625,829.621875,5714,47
SHAK10-10K,8934.375,314.665625,8420,32
SHAK10-10K,11370.5,319.05,10102,27
SHAK10-10K,12566,386.634375,10973,33
SHAK10-10K,14964.875,198.1875,13062,52
SHAK10-10K,15995.125,150.44375,14456,55
SHAK10-10K,16403.5,205.690625,14750,58
SHAK10-10K,17195.75,334.69375,15096,65
SHAK10-10K,574,86.765625,1110,36
SHAK10-10K,1073.75,118.76875,1700,20
SHAK10-10K,1692.875,276.846875,2287,47
SHAK10-10K,6249.625,829.621875,5714,47
SHAK10-10K,8934.375,314.665625,8420,32
SHAK10-10K,11370.5,319.05,10102,27
SHAK10-10K,12566,386.634375,10973,33
SHAK10-10K,14964.875,198.1875,13062,52
SHAK10-10K,15995.125,150.44375,14456,55
SHAK10-10K,16403.5,205.690625,14750,58
SHAK10-10K,17195.75,334.69375,15096,65
SHAK14-4G,259,228.6,794,36
SHAK14-4G,3132,242.025,3485,28
SHAK14-4G,10936,273.0375,10286,53
SHAK14-4G,11222,405.5625,10270,32
SHAK14-4G,12258,336.7125,10923,33
SHAK14-4G,12504,157.0625,10891,53
SHAK14-4G,12844,130,11302,41
SHAK14-4G,13367,148.05,11726,55
SHAK14-4G,14638,164.5125,12803,64
SHAK14-4G,14786,82.025,12914,39
SHAK14-4G,15010.25,77.01875,13172,43
SHAK14-4G,15153,60,13415,51
SHAK14-4G,15263,69.525,13634,49
SHAK14-4G,15350.5,120,13421,51
SHAK14-4G,15852,61.525,14236,53
SHAK14-4G,16102.5,180.29375,14653,83
SHAK14-4G,16183.5,323.1125,14453,57
SHAK14-4G,16909.5,269.0125,15023,60
SHAK14-4G,19544,206.0375,16886,75
SHAK14-4G,21638,201.5125,18531,89
SHAK14-4G,259,228.6,794,36
SHAK14-4G,3132,242.025,3485,28
SHAK14-4G,10936,273.0375,10286,53
SHAK14-4G,11222,405.5625,10270,32
SHAK14-4G,12258,336.7125,10923,33
SHAK14-4G,12504,157.0625,10891,53
SHAK14-4G,12844,130,11302,41
SHAK14-4G,13367,148.05,11726,55
SHAK14-4G,14638,164.5125,12803,64
SHAK14-4G,14786,82.025,12914,39
SHAK14-4G,15010.25,77.01875,13172,43
SHAK14-4G,15153,60,13415,51
SHAK14-4G,15263,69.525,13634,49
SHAK14-4G,15350.5,120,13421,51
SHAK14-4G,15852,61.525,14236,53
SHAK14-4G,16102.5,180.29375,14653,83
SHAK14-4G,16183.5,323.1125,14453,57
SHAK14-4G,16909.5,269.0125,15023,60
SHAK14-4G,19544,206.0375,16886,75
SHAK14-4G,21638,201.5125,18531,89
VM21-30,769,481.2,2190,45
VM21-30,1301,57.5,1865,15
VM21-30,1301,57.5,1875,15
VM21-30,3737,198.6,3755,20
VM21-30,3737,198.6,4270,20
VM21-30,6001.5,664.65,5620,55
VM21-30,6884,141,6335,20
VM21-30,6884,141,6760,20
VM21-30,8722,463.2,8500,20
VM21-30,8722,463.2,8590,45
VM21-30,9755.5,492.1,8525,30
VM21-30,9755.5,492.1,8690,55
VM21-30,10464,765.55,9830,55
VM21-30,11670,1123.45,10050,50
VM21-30,11670,1123.45,10090,30
VM21-30,11914,1154.1,9830,20
VM21-30,11914,1154.1,10150,55
VM21-30,12311,1180.75,10810,45
VM21-30,12311,1180.75,11770,40
VM21-30,12367,1181.025,11250,50
VM21-30,13009,1107.225,13400,75
VM21-30,13563,985.65,11750,90
VM21-30,13563,985.65,12680,70
VM21-30,13563,985.65,13590,45
VM21-30,13989.5,833.675,11950,25
VM21-30,13989.5,833.675,12000,130
VM21-30,14371.625,659.625,12000,55
VM21-30,14371.625,659.625,12405,40
VM21-30,14598,686.6,12250,70
VM21-30,15455.5,890.55,14020,35
VM21-30,15455.5,890.55,14540,45
VM21-30,15842.25,913.475,13290,35
VM21-30,15842.25,913.475,15750,40
VM21-30,16027,951.85,13400,90
VM21-30,16278,946.55,14445,45
VM21-30,16278,946.55,17015,50
VM21-30,16451.75,951.4,15650,70
VM21-30,16451.75,951.4,16520,80
VM21-30,16867.25,881.1,17550,80
VM21-30,16909,862.4,17430,80
VM21-30,17080,814.65,14830,70
VM21-30,17130,807.025,16710,90
VM21-30,17130,807.025,17140,80
VM21-30,17707,702.25,16800,80
VM21-30,17916.5,849.675,18560,100
VM21-30,20559.5,2340.25,20510,80
VM21-30,22033.5,2634.4,21330,80
VM21-30,28420,515.45,25100,150
VM21-30,30705,398.65,26900,150
